utc	load1	load5	load15	groups_done	worker	commit	directory
2026-08-10T08:01:30Z	8.23	8.03	9.08	26	wt0	4755d02	branching_repair_76cc
2026-08-10T08:01:30Z	8.23	8.03	9.08	26	wt1	d01ff32	branching_repair_76cc
2026-08-10T08:01:30Z	8.23	8.03	9.08	26	wt2	e006581	branching_audit_957f
2026-08-10T08:01:30Z	8.23	8.03	9.08	26	wt3	4372fae	branching_repair_7e58
2026-08-10T08:01:45Z	7.59	7.89	9.02	26	wt0	4755d02	branching_repair_76cc
2026-08-10T08:01:45Z	7.59	7.89	9.02	26	wt1	d01ff32	branching_repair_76cc
2026-08-10T08:01:45Z	7.59	7.89	9.02	26	wt2	e006581	branching_audit_957f
2026-08-10T08:01:45Z	7.59	7.89	9.02	26	wt3	4372fae	branching_repair_7e58
2026-08-10T08:02:01Z	7.81	7.93	9.01	26	wt0	4755d02	branching_repair_76cc
2026-08-10T08:02:01Z	7.81	7.93	9.01	26	wt1	d01ff32	branching_repair_76cc
2026-08-10T08:02:01Z	7.81	7.93	9.01	26	wt2	e006581	branching_audit_957f
2026-08-10T08:02:01Z	7.81	7.93	9.01	26	wt3	4372fae	branching_repair_7e58
2026-08-10T08:02:16Z	8.01	7.96	9.00	26	wt0	4755d02	branching_repair_76cc
2026-08-10T08:02:16Z	8.01	7.96	9.00	26	wt1	d01ff32	branching_repair_76cc
2026-08-10T08:02:16Z	8.01	7.96	9.00	26	wt2	e006581	branching_audit_957f
2026-08-10T08:02:16Z	8.01	7.96	9.00	26	wt3	4372fae	branching_repair_7e58
2026-08-10T08:02:31Z	7.63	7.88	8.96	26	wt0	4755d02	branching_repair_76cc
2026-08-10T08:02:31Z	7.63	7.88	8.96	26	wt1	d01ff32	branching_repair_76cc
2026-08-10T08:02:31Z	7.63	7.88	8.96	26	wt2	e006581	branching_audit_957f
2026-08-10T08:02:31Z	7.63	7.88	8.96	26	wt3	4372fae	branching_repair_7e58
2026-08-10T08:02:47Z	9.65	8.30	9.08	26	wt0	4755d02	branching_repair_76cc
2026-08-10T08:02:47Z	9.65	8.30	9.08	26	wt1	d01ff32	branching_repair_76cc
2026-08-10T08:02:47Z	9.65	8.30	9.08	26	wt2	e006581	branching_audit_957f
2026-08-10T08:02:47Z	9.65	8.30	9.08	26	wt3	4372fae	branching_repair_7e58
2026-08-10T08:03:03Z	12.02	8.88	9.27	27	wt0	645b5a4	branching_warrant_dffa
2026-08-10T08:03:03Z	12.02	8.88	9.27	27	wt1	d01ff32	branching_repair_76cc
2026-08-10T08:03:03Z	12.02	8.88	9.27	27	wt2	e006581	branching_audit_957f
2026-08-10T08:03:03Z	12.02	8.88	9.27	27	wt3	4372fae	branching_repair_7e58
2026-08-10T08:03:18Z	10.82	8.77	9.23	28	wt0	10cda77	census_repair_f3ff
2026-08-10T08:03:18Z	10.82	8.77	9.23	28	wt1	d01ff32	branching_repair_76cc
2026-08-10T08:03:18Z	10.82	8.77	9.23	28	wt2	e006581	branching_audit_957f
2026-08-10T08:03:18Z	10.82	8.77	9.23	28	wt3	4372fae	branching_repair_7e58
2026-08-10T08:03:34Z	9.90	8.66	9.18	28	wt0	10cda77	census_repair_f3ff
2026-08-10T08:03:34Z	9.90	8.66	9.18	28	wt1	d01ff32	branching_repair_76cc
2026-08-10T08:03:34Z	9.90	8.66	9.18	28	wt2	e006581	branching_audit_957f
2026-08-10T08:03:34Z	9.90	8.66	9.18	28	wt3	4372fae	branching_repair_7e58
2026-08-10T08:03:49Z	11.54	9.09	9.32	28	wt0	10cda77	census_repair_f3ff
2026-08-10T08:03:49Z	11.54	9.09	9.32	28	wt1	d01ff32	branching_repair_76cc
2026-08-10T08:03:49Z	11.54	9.09	9.32	28	wt2	e006581	branching_audit_957f
2026-08-10T08:03:49Z	11.54	9.09	9.32	28	wt3	4372fae	branching_repair_7e58
2026-08-10T08:04:04Z	10.83	9.06	9.31	28	wt0	10cda77	census_repair_f3ff
2026-08-10T08:04:04Z	10.83	9.06	9.31	28	wt1	d01ff32	branching_repair_76cc
2026-08-10T08:04:04Z	10.83	9.06	9.31	28	wt2	e006581	branching_audit_957f
2026-08-10T08:04:04Z	10.83	9.06	9.31	28	wt3	4372fae	branching_repair_7e58
2026-08-10T08:04:20Z	12.28	9.43	9.43	28	wt0	10cda77	census_repair_f3ff
2026-08-10T08:04:20Z	12.28	9.43	9.43	28	wt1	d01ff32	branching_repair_76cc
2026-08-10T08:04:20Z	12.28	9.43	9.43	28	wt2	e006581	branching_audit_957f
2026-08-10T08:04:20Z	12.28	9.43	9.43	28	wt3	4372fae	branching_repair_7e58
2026-08-10T08:04:36Z	23.24	11.91	10.31	29	wt0	aea066d	census_repair_f3ff
2026-08-10T08:04:36Z	23.24	11.91	10.31	29	wt1	d01ff32	branching_repair_76cc
2026-08-10T08:04:36Z	23.24	11.91	10.31	29	wt2	e006581	branching_audit_957f
2026-08-10T08:04:36Z	23.24	11.91	10.31	29	wt3	4372fae	branching_repair_7e58
2026-08-10T08:04:55Z	50.44	18.93	12.87	29	wt0	aea066d	census_repair_f3ff
2026-08-10T08:04:55Z	50.44	18.93	12.87	29	wt1	d01ff32	branching_repair_76cc
2026-08-10T08:04:55Z	50.44	18.93	12.87	29	wt2	e006581	branching_audit_957f
2026-08-10T08:04:55Z	50.44	18.93	12.87	29	wt3	4372fae	branching_repair_7e58
2026-08-10T08:05:17Z	95.54	31.09	17.36	29	wt0	aea066d	census_repair_f3ff
2026-08-10T08:05:17Z	95.54	31.09	17.36	29	wt1	d01ff32	branching_repair_76cc
2026-08-10T08:05:17Z	95.54	31.09	17.36	29	wt2	e006581	branching_audit_957f
2026-08-10T08:05:17Z	95.54	31.09	17.36	29	wt3	4372fae	branching_repair_7e58
2026-08-10T08:05:40Z	129.59	44.95	22.80	29	wt0	aea066d	census_repair_f3ff
2026-08-10T08:05:40Z	129.59	44.95	22.80	29	wt1	d01ff32	branching_repair_76cc
2026-08-10T08:05:40Z	129.59	44.95	22.80	29	wt2	e006581	branching_audit_957f
2026-08-10T08:05:40Z	129.59	44.95	22.80	29	wt3	4372fae	branching_repair_7e58
2026-08-10T08:05:55Z	109.48	44.71	23.10	29	wt0	aea066d	census_repair_f3ff
2026-08-10T08:05:55Z	109.48	44.71	23.10	29	wt1	d01ff32	branching_repair_76cc
2026-08-10T08:05:55Z	109.48	44.71	23.10	29	wt2	e006581	branching_audit_957f
2026-08-10T08:05:55Z	109.48	44.71	23.10	29	wt3	4372fae	branching_repair_7e58
2026-08-10T08:06:11Z	98.98	45.57	23.78	29	wt1	d01ff32	branching_repair_76cc
2026-08-10T08:06:11Z	98.98	45.57	23.78	29	wt0	aea066d	census_repair_f3ff
2026-08-10T08:06:11Z	98.98	45.57	23.78	29	wt2	e006581	branching_audit_957f
2026-08-10T08:06:11Z	98.98	45.57	23.78	29	wt3	4372fae	branching_repair_7e58
2026-08-10T08:06:26Z	84.70	45.07	23.99	29	wt1	d01ff32	branching_repair_76cc
2026-08-10T08:06:26Z	84.70	45.07	23.99	29	wt0	aea066d	census_repair_f3ff
2026-08-10T08:06:26Z	84.70	45.07	23.99	29	wt2	e006581	branching_audit_957f
2026-08-10T08:06:26Z	84.70	45.07	23.99	29	wt3	4372fae	branching_repair_7e58
2026-08-10T08:06:42Z	75.71	45.00	24.33	29	wt1	d01ff32	branching_repair_76cc
2026-08-10T08:06:42Z	75.71	45.00	24.33	29	wt0	aea066d	census_repair_f3ff
2026-08-10T08:06:42Z	75.71	45.00	24.33	29	wt2	e006581	branching_audit_957f
2026-08-10T08:06:42Z	75.71	45.00	24.33	29	wt3	4372fae	branching_repair_7e58
2026-08-10T08:06:58Z	74.68	46.27	25.14	29	wt1	d01ff32	branching_repair_76cc
2026-08-10T08:06:58Z	74.68	46.27	25.14	29	wt0	aea066d	census_repair_f3ff
2026-08-10T08:06:58Z	74.68	46.27	25.14	29	wt2	e006581	branching_audit_957f
2026-08-10T08:06:58Z	74.68	46.27	25.14	29	wt3	4372fae	branching_repair_7e58
2026-08-10T08:07:14Z	75.37	47.83	26.07	30	wt1	d01ff32	branching_repair_76cc
2026-08-10T08:07:14Z	75.37	47.83	26.07	30	wt2	e006581	branching_audit_957f
2026-08-10T08:07:14Z	75.37	47.83	26.07	30	wt0	20fab09	counterexample_audit_0a11
2026-08-10T08:07:14Z	75.37	47.83	26.07	30	wt3	4372fae	branching_repair_7e58
2026-08-10T08:07:29Z	88.79	52.37	28.19	30	wt1	d01ff32	branching_repair_76cc
2026-08-10T08:07:29Z	88.79	52.37	28.19	30	wt2	e006581	branching_audit_957f
2026-08-10T08:07:29Z	88.79	52.37	28.19	30	wt0	20fab09	counterexample_audit_0a11
2026-08-10T08:07:29Z	88.79	52.37	28.19	30	wt3	4372fae	branching_repair_7e58
2026-08-10T08:07:45Z	72.93	50.65	28.00	30	wt1	d01ff32	branching_repair_76cc
2026-08-10T08:07:45Z	72.93	50.65	28.00	30	wt2	e006581	branching_audit_957f
2026-08-10T08:07:45Z	72.93	50.65	28.00	30	wt0	20fab09	counterexample_audit_0a11
2026-08-10T08:07:45Z	72.93	50.65	28.00	30	wt3	4372fae	branching_repair_7e58
2026-08-10T08:08:00Z	60.22	48.94	27.78	30	wt1	d01ff32	branching_repair_76cc
2026-08-10T08:08:00Z	60.22	48.94	27.78	30	wt2	e006581	branching_audit_957f
2026-08-10T08:08:00Z	60.22	48.94	27.78	30	wt0	20fab09	counterexample_audit_0a11
2026-08-10T08:08:00Z	60.22	48.94	27.78	30	wt3	4372fae	branching_repair_7e58
2026-08-10T08:08:16Z	51.96	47.69	27.71	30	wt1	d01ff32	branching_repair_76cc
2026-08-10T08:08:16Z	51.96	47.69	27.71	30	wt2	e006581	branching_audit_957f
2026-08-10T08:08:16Z	51.96	47.69	27.71	30	wt0	20fab09	counterexample_audit_0a11
2026-08-10T08:08:16Z	51.96	47.69	27.71	30	wt3	4372fae	branching_repair_7e58
2026-08-10T08:08:31Z	43.15	45.96	27.44	30	wt1	d01ff32	branching_repair_76cc
2026-08-10T08:08:31Z	43.15	45.96	27.44	30	wt2	e006581	branching_audit_957f
2026-08-10T08:08:31Z	43.15	45.96	27.44	30	wt0	20fab09	counterexample_audit_0a11
2026-08-10T08:08:31Z	43.15	45.96	27.44	30	wt3	4372fae	branching_repair_7e58
2026-08-10T08:08:47Z	35.86	44.21	27.14	30	wt1	d01ff32	branching_repair_76cc
2026-08-10T08:08:47Z	35.86	44.21	27.14	30	wt2	e006581	branching_audit_957f
2026-08-10T08:08:47Z	35.86	44.21	27.14	30	wt0	20fab09	counterexample_audit_0a11
2026-08-10T08:08:47Z	35.86	44.21	27.14	30	wt3	4372fae	branching_repair_7e58
2026-08-10T08:09:02Z	28.96	42.28	26.75	30	wt3	4372fae	branching_repair_7e58
2026-08-10T08:09:02Z	28.96	42.28	26.75	30	wt1	d01ff32	branching_repair_76cc
2026-08-10T08:09:02Z	28.96	42.28	26.75	30	wt2	e006581	branching_audit_957f
2026-08-10T08:09:02Z	28.96	42.28	26.75	30	wt0	20fab09	counterexample_audit_0a11
2026-08-10T08:09:18Z	39.58	44.21	27.72	30	wt3	4372fae	branching_repair_7e58
2026-08-10T08:09:18Z	39.58	44.21	27.72	30	wt1	d01ff32	branching_repair_76cc
2026-08-10T08:09:18Z	39.58	44.21	27.72	30	wt2	e006581	branching_audit_957f
2026-08-10T08:09:18Z	39.58	44.21	27.72	30	wt0	20fab09	counterexample_audit_0a11
2026-08-10T08:09:33Z	32.65	42.45	27.38	30	wt3	4372fae	branching_repair_7e58
2026-08-10T08:09:33Z	32.65	42.45	27.38	30	wt1	d01ff32	branching_repair_76cc
2026-08-10T08:09:33Z	32.65	42.45	27.38	30	wt2	e006581	branching_audit_957f
2026-08-10T08:09:33Z	32.65	42.45	27.38	30	wt0	20fab09	counterexample_audit_0a11
2026-08-10T08:09:48Z	26.89	40.70	27.02	30	wt3	4372fae	branching_repair_7e58
2026-08-10T08:09:48Z	26.89	40.70	27.02	30	wt1	d01ff32	branching_repair_76cc
2026-08-10T08:09:48Z	26.89	40.70	27.02	30	wt2	e006581	branching_audit_957f
2026-08-10T08:09:48Z	26.89	40.70	27.02	30	wt0	20fab09	counterexample_audit_0a11
2026-08-10T08:10:04Z	22.51	39.05	26.67	31	wt3	4372fae	branching_repair_7e58
2026-08-10T08:10:04Z	22.51	39.05	26.67	31	wt2	c8c60a8	counterexample_audit_a7b4
2026-08-10T08:10:04Z	22.51	39.05	26.67	31	wt1	d01ff32	branching_repair_76cc
2026-08-10T08:10:04Z	22.51	39.05	26.67	31	wt0	20fab09	counterexample_audit_0a11
2026-08-10T08:10:19Z	20.94	37.90	26.47	31	wt3	4372fae	branching_repair_7e58
2026-08-10T08:10:19Z	20.94	37.90	26.47	31	wt2	c8c60a8	counterexample_audit_a7b4
2026-08-10T08:10:19Z	20.94	37.90	26.47	31	wt1	d01ff32	branching_repair_76cc
2026-08-10T08:10:19Z	20.94	37.90	26.47	31	wt0	20fab09	counterexample_audit_0a11
2026-08-10T08:10:34Z	17.60	36.04	26.07	31	wt3	4372fae	branching_repair_7e58
2026-08-10T08:10:34Z	17.60	36.04	26.07	31	wt2	c8c60a8	counterexample_audit_a7b4
2026-08-10T08:10:34Z	17.60	36.04	26.07	31	wt1	d01ff32	branching_repair_76cc
2026-08-10T08:10:34Z	17.60	36.04	26.07	31	wt0	20fab09	counterexample_audit_0a11
2026-08-10T08:10:50Z	16.61	34.93	25.85	31	wt3	4372fae	branching_repair_7e58
2026-08-10T08:10:50Z	16.61	34.93	25.85	31	wt2	c8c60a8	counterexample_audit_a7b4
2026-08-10T08:10:50Z	16.61	34.93	25.85	31	wt1	d01ff32	branching_repair_76cc
2026-08-10T08:10:50Z	16.61	34.93	25.85	31	wt0	20fab09	counterexample_audit_0a11
2026-08-10T08:11:05Z	15.20	33.71	25.57	31	wt3	4372fae	branching_repair_7e58
2026-08-10T08:11:05Z	15.20	33.71	25.57	31	wt2	c8c60a8	counterexample_audit_a7b4
2026-08-10T08:11:05Z	15.20	33.71	25.57	31	wt1	d01ff32	branching_repair_76cc
2026-08-10T08:11:05Z	15.20	33.71	25.57	31	wt0	20fab09	counterexample_audit_0a11
2026-08-10T08:11:21Z	13.76	32.48	25.28	31	wt3	4372fae	branching_repair_7e58
2026-08-10T08:11:21Z	13.76	32.48	25.28	31	wt2	c8c60a8	counterexample_audit_a7b4
2026-08-10T08:11:21Z	13.76	32.48	25.28	31	wt1	d01ff32	branching_repair_76cc
2026-08-10T08:11:21Z	13.76	32.48	25.28	31	wt0	20fab09	counterexample_audit_0a11
2026-08-10T08:11:36Z	13.88	31.58	25.08	31	wt3	4372fae	branching_repair_7e58
2026-08-10T08:11:36Z	13.88	31.58	25.08	31	wt2	c8c60a8	counterexample_audit_a7b4
2026-08-10T08:11:36Z	13.88	31.58	25.08	31	wt1	d01ff32	branching_repair_76cc
2026-08-10T08:11:36Z	13.88	31.58	25.08	31	wt0	20fab09	counterexample_audit_0a11
2026-08-10T08:11:52Z	13.51	30.62	24.85	31	wt3	4372fae	branching_repair_7e58
2026-08-10T08:11:52Z	13.51	30.62	24.85	31	wt2	c8c60a8	counterexample_audit_a7b4
2026-08-10T08:11:52Z	13.51	30.62	24.85	31	wt1	d01ff32	branching_repair_76cc
2026-08-10T08:11:52Z	13.51	30.62	24.85	31	wt0	20fab09	counterexample_audit_0a11
2026-08-10T08:12:07Z	19.25	30.98	25.07	31	wt3	4372fae	branching_repair_7e58
2026-08-10T08:12:07Z	19.25	30.98	25.07	31	wt2	c8c60a8	counterexample_audit_a7b4
2026-08-10T08:12:07Z	19.25	30.98	25.07	31	wt1	d01ff32	branching_repair_76cc
2026-08-10T08:12:07Z	19.25	30.98	25.07	31	wt0	20fab09	counterexample_audit_0a11
2026-08-10T08:12:23Z	17.99	30.13	24.87	31	wt3	4372fae	branching_repair_7e58
2026-08-10T08:12:23Z	17.99	30.13	24.87	31	wt2	c8c60a8	counterexample_audit_a7b4
2026-08-10T08:12:23Z	17.99	30.13	24.87	31	wt1	d01ff32	branching_repair_76cc
2026-08-10T08:12:23Z	17.99	30.13	24.87	31	wt0	20fab09	counterexample_audit_0a11
2026-08-10T08:12:38Z	17.39	29.41	24.71	31	wt3	4372fae	branching_repair_7e58
2026-08-10T08:12:38Z	17.39	29.41	24.71	31	wt2	c8c60a8	counterexample_audit_a7b4
2026-08-10T08:12:38Z	17.39	29.41	24.71	31	wt1	d01ff32	branching_repair_76cc
2026-08-10T08:12:38Z	17.39	29.41	24.71	31	wt0	20fab09	counterexample_audit_0a11
2026-08-10T08:12:54Z	15.98	28.49	24.46	31	wt3	4372fae	branching_repair_7e58
2026-08-10T08:12:54Z	15.98	28.49	24.46	31	wt2	c8c60a8	counterexample_audit_a7b4
2026-08-10T08:12:54Z	15.98	28.49	24.46	31	wt1	d01ff32	branching_repair_76cc
2026-08-10T08:12:54Z	15.98	28.49	24.46	31	wt0	20fab09	counterexample_audit_0a11
2026-08-10T08:13:09Z	13.83	27.40	24.14	31	wt3	4372fae	branching_repair_7e58
2026-08-10T08:13:09Z	13.83	27.40	24.14	31	wt2	c8c60a8	counterexample_audit_a7b4
2026-08-10T08:13:09Z	13.83	27.40	24.14	31	wt1	d01ff32	branching_repair_76cc
2026-08-10T08:13:09Z	13.83	27.40	24.14	31	wt0	20fab09	counterexample_audit_0a11
2026-08-10T08:13:25Z	14.84	26.73	23.98	32	wt3	4372fae	branching_repair_7e58
2026-08-10T08:13:25Z	14.84	26.73	23.98	32	wt2	c8c60a8	counterexample_audit_a7b4
2026-08-10T08:13:25Z	14.84	26.73	23.98	32	wt1	d01ff32	branching_repair_76cc
2026-08-10T08:13:25Z	14.84	26.73	23.98	32	wt0	db2b77d	counterexample_audit_c6bc
2026-08-10T08:13:40Z	13.47	25.85	23.71	32	wt3	4372fae	branching_repair_7e58
2026-08-10T08:13:40Z	13.47	25.85	23.71	32	wt2	c8c60a8	counterexample_audit_a7b4
2026-08-10T08:13:40Z	13.47	25.85	23.71	32	wt1	d01ff32	branching_repair_76cc
2026-08-10T08:13:40Z	13.47	25.85	23.71	32	wt0	db2b77d	counterexample_audit_c6bc
2026-08-10T08:13:55Z	12.64	25.06	23.46	32	wt3	4372fae	branching_repair_7e58
2026-08-10T08:13:55Z	12.64	25.06	23.46	32	wt2	c8c60a8	counterexample_audit_a7b4
2026-08-10T08:13:55Z	12.64	25.06	23.46	32	wt1	d01ff32	branching_repair_76cc
2026-08-10T08:13:55Z	12.64	25.06	23.46	32	wt0	db2b77d	counterexample_audit_c6bc
2026-08-10T08:14:11Z	11.40	24.17	23.17	32	wt3	4372fae	branching_repair_7e58
2026-08-10T08:14:11Z	11.40	24.17	23.17	32	wt2	c8c60a8	counterexample_audit_a7b4
2026-08-10T08:14:11Z	11.40	24.17	23.17	32	wt1	d01ff32	branching_repair_76cc
2026-08-10T08:14:11Z	11.40	24.17	23.17	32	wt0	db2b77d	counterexample_audit_c6bc
2026-08-10T08:14:26Z	10.71	23.40	22.91	32	wt3	4372fae	branching_repair_7e58
2026-08-10T08:14:26Z	10.71	23.40	22.91	32	wt2	c8c60a8	counterexample_audit_a7b4
2026-08-10T08:14:26Z	10.71	23.40	22.91	32	wt1	d01ff32	branching_repair_76cc
2026-08-10T08:14:26Z	10.71	23.40	22.91	32	wt0	db2b77d	counterexample_audit_c6bc
2026-08-10T08:14:42Z	9.74	22.56	22.62	33	wt3	4372fae	branching_repair_7e58
2026-08-10T08:14:42Z	9.74	22.56	22.62	33	wt0	db2b77d	counterexample_audit_c6bc
2026-08-10T08:14:42Z	9.74	22.56	22.62	33	wt1	522c1f3	counterexample_repair_dea5
2026-08-10T08:14:42Z	9.74	22.56	22.62	33	wt2	c8c60a8	counterexample_audit_a7b4
2026-08-10T08:14:57Z	10.08	22.01	22.42	33	wt3	4372fae	branching_repair_7e58
2026-08-10T08:14:57Z	10.08	22.01	22.42	33	wt0	db2b77d	counterexample_audit_c6bc
2026-08-10T08:14:57Z	10.08	22.01	22.42	33	wt1	522c1f3	counterexample_repair_dea5
2026-08-10T08:14:57Z	10.08	22.01	22.42	33	wt2	c8c60a8	counterexample_audit_a7b4
2026-08-10T08:15:12Z	9.31	21.25	22.15	33	wt3	4372fae	branching_repair_7e58
2026-08-10T08:15:12Z	9.31	21.25	22.15	33	wt0	db2b77d	counterexample_audit_c6bc
2026-08-10T08:15:12Z	9.31	21.25	22.15	33	wt1	522c1f3	counterexample_repair_dea5
2026-08-10T08:15:12Z	9.31	21.25	22.15	33	wt2	c8c60a8	counterexample_audit_a7b4
2026-08-10T08:15:28Z	10.38	20.89	22.00	33	wt3	4372fae	branching_repair_7e58
2026-08-10T08:15:28Z	10.38	20.89	22.00	33	wt0	db2b77d	counterexample_audit_c6bc
2026-08-10T08:15:28Z	10.38	20.89	22.00	33	wt1	522c1f3	counterexample_repair_dea5
2026-08-10T08:15:28Z	10.38	20.89	22.00	33	wt2	c8c60a8	counterexample_audit_a7b4
2026-08-10T08:15:43Z	11.41	20.59	21.87	34	wt3	4372fae	branching_repair_7e58
2026-08-10T08:15:43Z	11.41	20.59	21.87	34	wt1	522c1f3	counterexample_repair_dea5
2026-08-10T08:15:43Z	11.41	20.59	21.87	34	wt2	c8c60a8	counterexample_audit_a7b4
2026-08-10T08:15:43Z	11.41	20.59	21.87	34	wt0	90db267	counterexample_repair_dea5
2026-08-10T08:15:59Z	14.17	20.71	21.89	34	wt3	4372fae	branching_repair_7e58
2026-08-10T08:15:59Z	14.17	20.71	21.89	34	wt1	522c1f3	counterexample_repair_dea5
2026-08-10T08:15:59Z	14.17	20.71	21.89	34	wt2	c8c60a8	counterexample_audit_a7b4
2026-08-10T08:15:59Z	14.17	20.71	21.89	34	wt0	90db267	counterexample_repair_dea5
2026-08-10T08:16:14Z	19.64	21.59	22.18	34	wt3	4372fae	branching_repair_7e58
2026-08-10T08:16:14Z	19.64	21.59	22.18	34	wt1	522c1f3	counterexample_repair_dea5
2026-08-10T08:16:14Z	19.64	21.59	22.18	34	wt2	c8c60a8	counterexample_audit_a7b4
2026-08-10T08:16:14Z	19.64	21.59	22.18	34	wt0	90db267	counterexample_repair_dea5
2026-08-10T08:16:30Z	18.11	21.15	22.02	34	wt3	4372fae	branching_repair_7e58
2026-08-10T08:16:30Z	18.11	21.15	22.02	34	wt1	522c1f3	counterexample_repair_dea5
2026-08-10T08:16:30Z	18.11	21.15	22.02	34	wt2	c8c60a8	counterexample_audit_a7b4
2026-08-10T08:16:30Z	18.11	21.15	22.02	34	wt0	90db267	counterexample_repair_dea5
2026-08-10T08:16:45Z	16.23	20.59	21.80	34	wt3	4372fae	branching_repair_7e58
2026-08-10T08:16:45Z	16.23	20.59	21.80	34	wt1	522c1f3	counterexample_repair_dea5
2026-08-10T08:16:45Z	16.23	20.59	21.80	34	wt2	c8c60a8	counterexample_audit_a7b4
2026-08-10T08:16:45Z	16.23	20.59	21.80	34	wt0	90db267	counterexample_repair_dea5
2026-08-10T08:17:01Z	16.69	20.48	21.74	34	wt3	4372fae	branching_repair_7e58
2026-08-10T08:17:01Z	16.69	20.48	21.74	34	wt1	522c1f3	counterexample_repair_dea5
2026-08-10T08:17:01Z	16.69	20.48	21.74	34	wt2	c8c60a8	counterexample_audit_a7b4
2026-08-10T08:17:01Z	16.69	20.48	21.74	34	wt0	90db267	counterexample_repair_dea5
2026-08-10T08:17:16Z	15.96	20.13	21.59	34	wt3	4372fae	branching_repair_7e58
2026-08-10T08:17:16Z	15.96	20.13	21.59	34	wt1	522c1f3	counterexample_repair_dea5
2026-08-10T08:17:16Z	15.96	20.13	21.59	34	wt2	c8c60a8	counterexample_audit_a7b4
2026-08-10T08:17:16Z	15.96	20.13	21.59	34	wt0	90db267	counterexample_repair_dea5
2026-08-10T08:17:32Z	14.81	19.66	21.40	34	wt3	4372fae	branching_repair_7e58
2026-08-10T08:17:32Z	14.81	19.66	21.40	34	wt1	522c1f3	counterexample_repair_dea5
2026-08-10T08:17:32Z	14.81	19.66	21.40	34	wt2	c8c60a8	counterexample_audit_a7b4
2026-08-10T08:17:32Z	14.81	19.66	21.40	34	wt0	90db267	counterexample_repair_dea5
2026-08-10T08:17:47Z	13.42	19.11	21.17	34	wt3	4372fae	branching_repair_7e58
2026-08-10T08:17:47Z	13.42	19.11	21.17	34	wt1	522c1f3	counterexample_repair_dea5
2026-08-10T08:17:47Z	13.42	19.11	21.17	34	wt2	c8c60a8	counterexample_audit_a7b4
2026-08-10T08:17:47Z	13.42	19.11	21.17	34	wt0	90db267	counterexample_repair_dea5
2026-08-10T08:18:03Z	12.15	18.55	20.93	34	wt3	4372fae	branching_repair_7e58
2026-08-10T08:18:03Z	12.15	18.55	20.93	34	wt1	522c1f3	counterexample_repair_dea5
2026-08-10T08:18:03Z	12.15	18.55	20.93	34	wt2	c8c60a8	counterexample_audit_a7b4
2026-08-10T08:18:03Z	12.15	18.55	20.93	34	wt0	90db267	counterexample_repair_dea5
2026-08-10T08:18:18Z	11.62	18.13	20.74	34	wt3	4372fae	branching_repair_7e58
2026-08-10T08:18:18Z	11.62	18.13	20.74	34	wt1	522c1f3	counterexample_repair_dea5
2026-08-10T08:18:18Z	11.62	18.13	20.74	34	wt2	c8c60a8	counterexample_audit_a7b4
2026-08-10T08:18:18Z	11.62	18.13	20.74	34	wt0	90db267	counterexample_repair_dea5
2026-08-10T08:18:34Z	10.89	17.65	20.52	35	wt3	1640f6f	face_geometry_audit_0b07
2026-08-10T08:18:34Z	10.89	17.65	20.52	35	wt1	522c1f3	counterexample_repair_dea5
2026-08-10T08:18:34Z	10.89	17.65	20.52	35	wt2	c8c60a8	counterexample_audit_a7b4
2026-08-10T08:18:34Z	10.89	17.65	20.52	35	wt0	90db267	counterexample_repair_dea5
2026-08-10T08:18:49Z	11.58	17.46	20.40	35	wt3	1640f6f	face_geometry_audit_0b07
2026-08-10T08:18:49Z	11.58	17.46	20.40	35	wt1	522c1f3	counterexample_repair_dea5
2026-08-10T08:18:49Z	11.58	17.46	20.40	35	wt2	c8c60a8	counterexample_audit_a7b4
2026-08-10T08:18:49Z	11.58	17.46	20.40	35	wt0	90db267	counterexample_repair_dea5
2026-08-10T08:19:05Z	13.44	17.48	20.34	35	wt3	1640f6f	face_geometry_audit_0b07
2026-08-10T08:19:05Z	13.44	17.48	20.34	35	wt1	522c1f3	counterexample_repair_dea5
2026-08-10T08:19:05Z	13.44	17.48	20.34	35	wt2	c8c60a8	counterexample_audit_a7b4
2026-08-10T08:19:05Z	13.44	17.48	20.34	35	wt0	90db267	counterexample_repair_dea5
2026-08-10T08:19:20Z	13.46	17.29	20.22	36	wt3	1640f6f	face_geometry_audit_0b07
2026-08-10T08:19:20Z	13.46	17.29	20.22	36	wt2	1d922a1	face_geometry_audit_1c80
2026-08-10T08:19:20Z	13.46	17.29	20.22	36	wt1	522c1f3	counterexample_repair_dea5
2026-08-10T08:19:20Z	13.46	17.29	20.22	36	wt0	90db267	counterexample_repair_dea5
2026-08-10T08:19:36Z	18.42	18.24	20.52	36	wt3	1640f6f	face_geometry_audit_0b07
2026-08-10T08:19:36Z	18.42	18.24	20.52	36	wt2	1d922a1	face_geometry_audit_1c80
2026-08-10T08:19:36Z	18.42	18.24	20.52	36	wt1	522c1f3	counterexample_repair_dea5
2026-08-10T08:19:36Z	18.42	18.24	20.52	36	wt0	90db267	counterexample_repair_dea5
2026-08-10T08:19:51Z	17.11	17.95	20.37	36	wt3	1640f6f	face_geometry_audit_0b07
2026-08-10T08:19:51Z	17.11	17.95	20.37	36	wt2	1d922a1	face_geometry_audit_1c80
2026-08-10T08:19:51Z	17.11	17.95	20.37	36	wt1	522c1f3	counterexample_repair_dea5
2026-08-10T08:19:51Z	17.11	17.95	20.37	36	wt0	90db267	counterexample_repair_dea5
2026-08-10T08:20:07Z	14.92	17.43	20.14	37	wt3	1640f6f	face_geometry_audit_0b07
2026-08-10T08:20:07Z	14.92	17.43	20.14	37	wt2	1d922a1	face_geometry_audit_1c80
2026-08-10T08:20:07Z	14.92	17.43	20.14	37	wt1	a85fb28	face_geometry_audit_6653
2026-08-10T08:20:07Z	14.92	17.43	20.14	37	wt0	90db267	counterexample_repair_dea5
2026-08-10T08:20:22Z	14.87	17.30	20.05	39	wt3	1640f6f	face_geometry_audit_0b07
2026-08-10T08:20:22Z	14.87	17.30	20.05	39	wt2	63b6d27	face_geometry_audit_c4c8
2026-08-10T08:20:22Z	14.87	17.30	20.05	39	wt1	a85fb28	face_geometry_audit_6653
2026-08-10T08:20:22Z	14.87	17.30	20.05	39	wt0	90db267	counterexample_repair_dea5
2026-08-10T08:20:38Z	14.21	17.02	19.90	40	wt3	1640f6f	face_geometry_audit_0b07
2026-08-10T08:20:38Z	14.21	17.02	19.90	40	wt2	63b6d27	face_geometry_audit_c4c8
2026-08-10T08:20:38Z	14.21	17.02	19.90	40	wt1	5988134	face_geometry_audit_d0e2
2026-08-10T08:20:38Z	14.21	17.02	19.90	40	wt0	90db267	counterexample_repair_dea5
2026-08-10T08:20:53Z	20.48	18.19	20.26	40	wt3	1640f6f	face_geometry_audit_0b07
2026-08-10T08:20:53Z	20.48	18.19	20.26	40	wt2	63b6d27	face_geometry_audit_c4c8
2026-08-10T08:20:53Z	20.48	18.19	20.26	40	wt1	5988134	face_geometry_audit_d0e2
2026-08-10T08:20:53Z	20.48	18.19	20.26	40	wt0	90db267	counterexample_repair_dea5
2026-08-10T08:21:08Z	20.56	18.27	20.25	40	wt3	1640f6f	face_geometry_audit_0b07
2026-08-10T08:21:08Z	20.56	18.27	20.25	40	wt2	63b6d27	face_geometry_audit_c4c8
2026-08-10T08:21:08Z	20.56	18.27	20.25	40	wt1	5988134	face_geometry_audit_d0e2
2026-08-10T08:21:08Z	20.56	18.27	20.25	40	wt0	90db267	counterexample_repair_dea5
2026-08-10T08:21:24Z	18.56	17.93	20.09	44	wt3	1640f6f	face_geometry_audit_0b07
2026-08-10T08:21:24Z	18.56	17.93	20.09	44	wt2	63b6d27	face_geometry_audit_c4c8
2026-08-10T08:21:24Z	18.56	17.93	20.09	44	wt1	9d712be	face_geometry_audit_e7bc
2026-08-10T08:21:24Z	18.56	17.93	20.09	44	wt0	90db267	counterexample_repair_dea5
2026-08-10T08:21:39Z	18.69	17.98	20.07	44	wt3	1640f6f	face_geometry_audit_0b07
2026-08-10T08:21:39Z	18.69	17.98	20.07	44	wt2	63b6d27	face_geometry_audit_c4c8
2026-08-10T08:21:39Z	18.69	17.98	20.07	44	wt1	9d712be	face_geometry_audit_e7bc
2026-08-10T08:21:39Z	18.69	17.98	20.07	44	wt0	90db267	counterexample_repair_dea5
2026-08-10T08:21:55Z	18.06	17.86	19.98	44	wt3	1640f6f	face_geometry_audit_0b07
2026-08-10T08:21:55Z	18.06	17.86	19.98	44	wt2	63b6d27	face_geometry_audit_c4c8
2026-08-10T08:21:55Z	18.06	17.86	19.98	44	wt1	9d712be	face_geometry_audit_e7bc
2026-08-10T08:21:55Z	18.06	17.86	19.98	44	wt0	90db267	counterexample_repair_dea5
2026-08-10T08:22:11Z	17.95	17.87	19.95	44	wt3	1640f6f	face_geometry_audit_0b07
2026-08-10T08:22:11Z	17.95	17.87	19.95	44	wt2	63b6d27	face_geometry_audit_c4c8
2026-08-10T08:22:11Z	17.95	17.87	19.95	44	wt1	9d712be	face_geometry_audit_e7bc
2026-08-10T08:22:11Z	17.95	17.87	19.95	44	wt0	90db267	counterexample_repair_dea5
2026-08-10T08:22:26Z	15.21	17.27	19.70	44	wt3	1640f6f	face_geometry_audit_0b07
2026-08-10T08:22:26Z	15.21	17.27	19.70	44	wt2	63b6d27	face_geometry_audit_c4c8
2026-08-10T08:22:26Z	15.21	17.27	19.70	44	wt1	9d712be	face_geometry_audit_e7bc
2026-08-10T08:22:26Z	15.21	17.27	19.70	44	wt0	90db267	counterexample_repair_dea5
2026-08-10T08:22:42Z	13.25	16.74	19.46	44	wt3	1640f6f	face_geometry_audit_0b07
2026-08-10T08:22:42Z	13.25	16.74	19.46	44	wt2	63b6d27	face_geometry_audit_c4c8
2026-08-10T08:22:42Z	13.25	16.74	19.46	44	wt1	9d712be	face_geometry_audit_e7bc
2026-08-10T08:22:42Z	13.25	16.74	19.46	44	wt0	90db267	counterexample_repair_dea5
2026-08-10T08:22:57Z	11.41	16.16	19.21	45	wt3	1640f6f	face_geometry_audit_0b07
2026-08-10T08:22:57Z	11.41	16.16	19.21	45	wt2	63b6d27	face_geometry_audit_c4c8
2026-08-10T08:22:57Z	11.41	16.16	19.21	45	wt1	9d712be	face_geometry_audit_e7bc
2026-08-10T08:22:57Z	11.41	16.16	19.21	45	wt0	b71401c	face_geometry_audit_eaef
2026-08-10T08:23:12Z	10.28	15.68	18.98	45	wt3	1640f6f	face_geometry_audit_0b07
2026-08-10T08:23:12Z	10.28	15.68	18.98	45	wt2	63b6d27	face_geometry_audit_c4c8
2026-08-10T08:23:12Z	10.28	15.68	18.98	45	wt0	b71401c	face_geometry_audit_eaef
2026-08-10T08:23:12Z	10.28	15.68	18.98	45	wt1	9d712be	face_geometry_audit_e7bc
2026-08-10T08:23:28Z	9.33	15.21	18.76	45	wt3	1640f6f	face_geometry_audit_0b07
2026-08-10T08:23:28Z	9.33	15.21	18.76	45	wt2	63b6d27	face_geometry_audit_c4c8
2026-08-10T08:23:28Z	9.33	15.21	18.76	45	wt0	b71401c	face_geometry_audit_eaef
2026-08-10T08:23:28Z	9.33	15.21	18.76	45	wt1	9d712be	face_geometry_audit_e7bc
2026-08-10T08:23:43Z	9.12	14.87	18.57	45	wt3	1640f6f	face_geometry_audit_0b07
2026-08-10T08:23:43Z	9.12	14.87	18.57	45	wt2	63b6d27	face_geometry_audit_c4c8
2026-08-10T08:23:43Z	9.12	14.87	18.57	45	wt0	b71401c	face_geometry_audit_eaef
2026-08-10T08:23:43Z	9.12	14.87	18.57	45	wt1	9d712be	face_geometry_audit_e7bc
2026-08-10T08:23:58Z	9.35	14.64	18.43	45	wt3	1640f6f	face_geometry_audit_0b07
2026-08-10T08:23:58Z	9.35	14.64	18.43	45	wt2	63b6d27	face_geometry_audit_c4c8
2026-08-10T08:23:58Z	9.35	14.64	18.43	45	wt0	b71401c	face_geometry_audit_eaef
2026-08-10T08:23:58Z	9.35	14.64	18.43	45	wt1	9d712be	face_geometry_audit_e7bc
2026-08-10T08:24:14Z	8.80	14.27	18.23	45	wt3	1640f6f	face_geometry_audit_0b07
2026-08-10T08:24:14Z	8.80	14.27	18.23	45	wt2	63b6d27	face_geometry_audit_c4c8
2026-08-10T08:24:14Z	8.80	14.27	18.23	45	wt0	b71401c	face_geometry_audit_eaef
2026-08-10T08:24:14Z	8.80	14.27	18.23	45	wt1	9d712be	face_geometry_audit_e7bc
2026-08-10T08:24:30Z	9.12	14.09	18.10	46	wt3	1640f6f	face_geometry_audit_0b07
2026-08-10T08:24:30Z	9.12	14.09	18.10	46	wt0	b71401c	face_geometry_audit_eaef
2026-08-10T08:24:30Z	9.12	14.09	18.10	46	wt1	9d712be	face_geometry_audit_e7bc
2026-08-10T08:24:30Z	9.12	14.09	18.10	46	wt2	d057c2b	face_geometry_audit_fcb2
2026-08-10T08:24:45Z	8.08	13.53	17.80	52	wt3	1640f6f	face_geometry_audit_0b07
2026-08-10T08:24:45Z	8.08	13.53	17.80	52	wt0	b71401c	face_geometry_audit_eaef
2026-08-10T08:24:45Z	8.08	13.53	17.80	52	wt2	d057c2b	face_geometry_audit_fcb2
2026-08-10T08:24:45Z	8.08	13.53	17.80	52	wt1	5f542f0	face_geometry_instr_5f9a
2026-08-10T08:25:00Z	7.25	13.08	17.57	52	wt3	1640f6f	face_geometry_audit_0b07
2026-08-10T08:25:00Z	7.25	13.08	17.57	52	wt0	b71401c	face_geometry_audit_eaef
2026-08-10T08:25:00Z	7.25	13.08	17.57	52	wt2	d057c2b	face_geometry_audit_fcb2
2026-08-10T08:25:00Z	7.25	13.08	17.57	52	wt1	5f542f0	face_geometry_instr_5f9a
2026-08-10T08:25:16Z	6.91	12.72	17.36	52	wt3	1640f6f	face_geometry_audit_0b07
2026-08-10T08:25:16Z	6.91	12.72	17.36	52	wt0	b71401c	face_geometry_audit_eaef
2026-08-10T08:25:16Z	6.91	12.72	17.36	52	wt2	d057c2b	face_geometry_audit_fcb2
2026-08-10T08:25:16Z	6.91	12.72	17.36	52	wt1	5f542f0	face_geometry_instr_5f9a
2026-08-10T08:25:16Z	6.91	12.72	17.36	52	wt2	d057c2b	face_geometry
2026-08-10T08:25:31Z	6.56	12.35	17.15	52	wt3	1640f6f	face_geometry_audit_0b07
2026-08-10T08:25:31Z	6.56	12.35	17.15	52	wt0	b71401c	face_geometry_audit_eaef
2026-08-10T08:25:31Z	6.56	12.35	17.15	52	wt2	d057c2b	face_geometry_audit_fcb2
2026-08-10T08:25:31Z	6.56	12.35	17.15	52	wt1	5f542f0	face_geometry_instr_5f9a
2026-08-10T08:25:46Z	6.36	12.02	16.95	52	wt3	1640f6f	face_geometry_audit_0b07
2026-08-10T08:25:46Z	6.36	12.02	16.95	52	wt0	b71401c	face_geometry_audit_eaef
2026-08-10T08:25:46Z	6.36	12.02	16.95	52	wt2	d057c2b	face_geometry_audit_fcb2
2026-08-10T08:25:46Z	6.36	12.02	16.95	52	wt1	5f542f0	face_geometry_instr_5f9a
2026-08-10T08:26:02Z	6.04	11.68	16.74	52	wt3	1640f6f	face_geometry_audit_0b07
2026-08-10T08:26:02Z	6.04	11.68	16.74	52	wt0	b71401c	face_geometry_audit_eaef
2026-08-10T08:26:02Z	6.04	11.68	16.74	52	wt2	d057c2b	face_geometry_audit_fcb2
2026-08-10T08:26:02Z	6.04	11.68	16.74	52	wt1	5f542f0	face_geometry_instr_5f9a
2026-08-10T08:26:17Z	5.81	11.35	16.53	52	wt3	1640f6f	face_geometry_audit_0b07
2026-08-10T08:26:17Z	5.81	11.35	16.53	52	wt0	b71401c	face_geometry_audit_eaef
2026-08-10T08:26:17Z	5.81	11.35	16.53	52	wt2	d057c2b	face_geometry_audit_fcb2
2026-08-10T08:26:17Z	5.81	11.35	16.53	52	wt1	5f542f0	face_geometry_instr_5f9a
2026-08-10T08:26:32Z	5.54	11.02	16.32	53	wt3	1640f6f	face_geometry_audit_0b07
2026-08-10T08:26:32Z	5.54	11.02	16.32	53	wt2	d057c2b	face_geometry_audit_fcb2
2026-08-10T08:26:32Z	5.54	11.02	16.32	53	wt1	5f542f0	face_geometry_instr_5f9a
2026-08-10T08:26:32Z	5.54	11.02	16.32	53	wt2	d057c2b	face_geometry
2026-08-10T08:26:32Z	5.54	11.02	16.32	53	wt0	b6bc2ef	face_geometry_instr_5f9a
2026-08-10T08:26:48Z	5.44	10.73	16.12	53	wt3	1640f6f	face_geometry_audit_0b07
2026-08-10T08:26:48Z	5.44	10.73	16.12	53	wt2	d057c2b	face_geometry_audit_fcb2
2026-08-10T08:26:48Z	5.44	10.73	16.12	53	wt0	b6bc2ef	face_geometry_instr_5f9a
2026-08-10T08:27:03Z	5.55	10.50	15.95	58	wt0	b6bc2ef	face_geometry_instr_5f9a
2026-08-10T08:27:03Z	5.55	10.50	15.95	58	wt3	66130f8	face_geometry_repair_8af0
2026-08-10T08:27:03Z	5.55	10.50	15.95	58	wt1	66130f8	face_geometry_repair_e35b
2026-08-10T08:27:03Z	5.55	10.50	15.95	58	wt2	eacc5e1	grain_axis_audit_03d1
2026-08-10T08:27:18Z	5.43	10.23	15.75	59	wt0	b6bc2ef	face_geometry_instr_5f9a
2026-08-10T08:27:18Z	5.43	10.23	15.75	59	wt3	66130f8	face_geometry_repair_8af0
2026-08-10T08:27:18Z	5.43	10.23	15.75	59	wt2	eacc5e1	grain_axis_audit_03d1
2026-08-10T08:27:18Z	5.43	10.23	15.75	59	wt1	fe6a495	hash_population_6e58
2026-08-10T08:27:34Z	44.46	18.09	18.43	60	wt1	fe6a495	hash_population_6e58
2026-08-10T08:27:34Z	44.46	18.09	18.43	60	wt3	4b5891d	hodge_leverage_audit_3c24
2026-08-10T08:27:34Z	44.46	18.09	18.43	60	wt0	b6bc2ef	face_geometry_instr_5f9a
2026-08-10T08:27:34Z	44.46	18.09	18.43	60	wt2	eacc5e1	grain_axis_audit_03d1
2026-08-10T08:27:49Z	35.77	17.46	18.20	61	wt3	4b5891d	hodge_leverage_audit_3c24
2026-08-10T08:27:49Z	35.77	17.46	18.20	61	wt1	dde93c5	hodge_leverage_audit_7e39
2026-08-10T08:27:49Z	35.77	17.46	18.20	61	wt0	b6bc2ef	face_geometry_instr_5f9a
2026-08-10T08:27:49Z	35.77	17.46	18.20	61	wt2	eacc5e1	grain_axis_audit_03d1
2026-08-10T08:28:04Z	28.93	16.85	17.97	62	wt1	dde93c5	hodge_leverage_audit_7e39
2026-08-10T08:28:04Z	28.93	16.85	17.97	62	wt3	a97ad17	hodge_leverage_audit_835f
2026-08-10T08:28:04Z	28.93	16.85	17.97	62	wt0	b6bc2ef	face_geometry_instr_5f9a
2026-08-10T08:28:04Z	28.93	16.85	17.97	62	wt2	eacc5e1	grain_axis_audit_03d1
2026-08-10T08:28:20Z	23.99	16.35	17.77	62	wt1	dde93c5	hodge_leverage_audit_7e39
2026-08-10T08:28:20Z	23.99	16.35	17.77	62	wt3	a97ad17	hodge_leverage_audit_835f
2026-08-10T08:28:20Z	23.99	16.35	17.77	62	wt0	b6bc2ef	face_geometry_instr_5f9a
2026-08-10T08:28:20Z	23.99	16.35	17.77	62	wt2	eacc5e1	grain_axis_audit_03d1
2026-08-10T08:28:35Z	20.07	15.86	17.57	63	wt1	dde93c5	hodge_leverage_audit_7e39
2026-08-10T08:28:35Z	20.07	15.86	17.57	63	wt3	a97ad17	hodge_leverage_audit_835f
2026-08-10T08:28:35Z	20.07	15.86	17.57	63	wt0	2cc8d57	hodge_leverage_audit_86a3
2026-08-10T08:28:35Z	20.07	15.86	17.57	63	wt2	eacc5e1	grain_axis_audit_03d1
2026-08-10T08:28:50Z	17.11	15.41	17.38	63	wt1	dde93c5	hodge_leverage_audit_7e39
2026-08-10T08:28:50Z	17.11	15.41	17.38	63	wt3	a97ad17	hodge_leverage_audit_835f
2026-08-10T08:28:50Z	17.11	15.41	17.38	63	wt0	2cc8d57	hodge_leverage_audit_86a3
2026-08-10T08:28:50Z	17.11	15.41	17.38	63	wt2	eacc5e1	grain_axis_audit_03d1
2026-08-10T08:29:06Z	13.94	14.79	17.11	64	wt3	a97ad17	hodge_leverage_audit_835f
2026-08-10T08:29:06Z	13.94	14.79	17.11	64	wt0	2cc8d57	hodge_leverage_audit_86a3
2026-08-10T08:29:06Z	13.94	14.79	17.11	64	wt2	eacc5e1	grain_axis_audit_03d1
2026-08-10T08:29:06Z	13.94	14.79	17.11	64	wt1	f58f7fd	hodge_leverage_audit_8a5c
2026-08-10T08:29:21Z	12.18	14.36	16.92	65	wt3	a97ad17	hodge_leverage_audit_835f
2026-08-10T08:29:21Z	12.18	14.36	16.92	65	wt0	2cc8d57	hodge_leverage_audit_86a3
2026-08-10T08:29:21Z	12.18	14.36	16.92	65	wt2	eacc5e1	grain_axis_audit_03d1
2026-08-10T08:29:21Z	12.18	14.36	16.92	65	wt1	e6935dc	hodge_leverage_audit_8aae
2026-08-10T08:29:36Z	10.69	13.92	16.71	66	wt0	2cc8d57	hodge_leverage_audit_86a3
2026-08-10T08:29:36Z	10.69	13.92	16.71	66	wt2	eacc5e1	grain_axis_audit_03d1
2026-08-10T08:29:36Z	10.69	13.92	16.71	66	wt1	e6935dc	hodge_leverage_audit_8aae
2026-08-10T08:29:36Z	10.69	13.92	16.71	66	wt3	2d23d88	hodge_leverage_audit_9207
2026-08-10T08:29:52Z	9.35	13.47	16.50	66	wt0	2cc8d57	hodge_leverage_audit_86a3
2026-08-10T08:29:52Z	9.35	13.47	16.50	66	wt2	eacc5e1	grain_axis_audit_03d1
2026-08-10T08:29:52Z	9.35	13.47	16.50	66	wt1	e6935dc	hodge_leverage_audit_8aae
2026-08-10T08:29:52Z	9.35	13.47	16.50	66	wt3	2d23d88	hodge_leverage_audit_9207
2026-08-10T08:30:07Z	8.48	13.07	16.31	66	wt0	2cc8d57	hodge_leverage_audit_86a3
2026-08-10T08:30:07Z	8.48	13.07	16.31	66	wt2	eacc5e1	grain_axis_audit_03d1
2026-08-10T08:30:07Z	8.48	13.07	16.31	66	wt1	e6935dc	hodge_leverage_audit_8aae
2026-08-10T08:30:07Z	8.48	13.07	16.31	66	wt3	2d23d88	hodge_leverage_audit_9207
2026-08-10T08:30:22Z	8.49	12.85	16.17	66	wt0	2cc8d57	hodge_leverage_audit_86a3
2026-08-10T08:30:22Z	8.49	12.85	16.17	66	wt2	eacc5e1	grain_axis_audit_03d1
2026-08-10T08:30:22Z	8.49	12.85	16.17	66	wt1	e6935dc	hodge_leverage_audit_8aae
2026-08-10T08:30:22Z	8.49	12.85	16.17	66	wt3	2d23d88	hodge_leverage_audit_9207
2026-08-10T08:30:38Z	8.34	12.60	16.02	67	wt0	2cc8d57	hodge_leverage_audit_86a3
2026-08-10T08:30:38Z	8.34	12.60	16.02	67	wt1	e6935dc	hodge_leverage_audit_8aae
2026-08-10T08:30:38Z	8.34	12.60	16.02	67	wt3	2d23d88	hodge_leverage_audit_9207
2026-08-10T08:30:38Z	8.34	12.60	16.02	67	wt2	120ff66	hodge_leverage_audit_97fb
2026-08-10T08:30:53Z	7.90	12.29	15.85	67	wt0	2cc8d57	hodge_leverage_audit_86a3
2026-08-10T08:30:53Z	7.90	12.29	15.85	67	wt1	e6935dc	hodge_leverage_audit_8aae
2026-08-10T08:30:53Z	7.90	12.29	15.85	67	wt3	2d23d88	hodge_leverage_audit_9207
2026-08-10T08:30:53Z	7.90	12.29	15.85	67	wt2	120ff66	hodge_leverage_audit_97fb
2026-08-10T08:31:08Z	7.25	11.93	15.66	67	wt0	2cc8d57	hodge_leverage_audit_86a3
2026-08-10T08:31:08Z	7.25	11.93	15.66	67	wt1	e6935dc	hodge_leverage_audit_8aae
2026-08-10T08:31:08Z	7.25	11.93	15.66	67	wt3	2d23d88	hodge_leverage_audit_9207
2026-08-10T08:31:08Z	7.25	11.93	15.66	67	wt2	120ff66	hodge_leverage_audit_97fb
2026-08-10T08:31:24Z	6.95	11.64	15.49	67	wt0	2cc8d57	hodge_leverage_audit_86a3
2026-08-10T08:31:24Z	6.95	11.64	15.49	67	wt1	e6935dc	hodge_leverage_audit_8aae
2026-08-10T08:31:24Z	6.95	11.64	15.49	67	wt3	2d23d88	hodge_leverage_audit_9207
2026-08-10T08:31:24Z	6.95	11.64	15.49	67	wt2	120ff66	hodge_leverage_audit_97fb
2026-08-10T08:31:39Z	6.73	11.36	15.33	68	wt0	2cc8d57	hodge_leverage_audit_86a3
2026-08-10T08:31:39Z	6.73	11.36	15.33	68	wt3	2d23d88	hodge_leverage_audit_9207
2026-08-10T08:31:39Z	6.73	11.36	15.33	68	wt2	120ff66	hodge_leverage_audit_97fb
2026-08-10T08:31:39Z	6.73	11.36	15.33	68	wt1	522048f	hodge_leverage_audit_d39d
2026-08-10T08:31:54Z	6.41	11.07	15.15	69	wt0	2cc8d57	hodge_leverage_audit_86a3
2026-08-10T08:31:54Z	6.41	11.07	15.15	69	wt3	2d23d88	hodge_leverage_audit_9207
2026-08-10T08:31:54Z	6.41	11.07	15.15	69	wt2	120ff66	hodge_leverage_audit_97fb
2026-08-10T08:31:54Z	6.41	11.07	15.15	69	wt1	8cdda32	hodge_leverage_audit_ec07
2026-08-10T08:32:10Z	6.26	10.80	14.99	71	wt0	2cc8d57	hodge_leverage_audit_86a3
2026-08-10T08:32:10Z	6.26	10.80	14.99	71	wt3	2d23d88	hodge_leverage_audit_9207
2026-08-10T08:32:10Z	6.26	10.80	14.99	71	wt1	8cdda32	hodge_leverage_audit_ec07
2026-08-10T08:32:10Z	6.26	10.80	14.99	71	wt2	1e61031	hodge_leverage_join
2026-08-10T08:32:25Z	8.61	11.10	15.02	71	wt0	2cc8d57	hodge_leverage_audit_86a3
2026-08-10T08:32:25Z	8.61	11.10	15.02	71	wt3	2d23d88	hodge_leverage_audit_9207
2026-08-10T08:32:25Z	8.61	11.10	15.02	71	wt1	8cdda32	hodge_leverage_audit_ec07
2026-08-10T08:32:25Z	8.61	11.10	15.02	71	wt2	1e61031	hodge_leverage_join
2026-08-10T08:32:40Z	8.26	10.90	14.88	74	wt0	2cc8d57	hodge_leverage_audit_86a3
2026-08-10T08:32:40Z	8.26	10.90	14.88	74	wt3	2d23d88	hodge_leverage_audit_9207
2026-08-10T08:32:40Z	8.26	10.90	14.88	74	wt1	8cdda32	hodge_leverage_audit_ec07
2026-08-10T08:32:40Z	8.26	10.90	14.88	74	wt2	cb9f282	hodge_leverage_repair_3f3b
2026-08-10T08:32:56Z	7.46	10.60	14.70	76	wt0	2cc8d57	hodge_leverage_audit_86a3
2026-08-10T08:32:56Z	7.46	10.60	14.70	76	wt3	2d23d88	hodge_leverage_audit_9207
2026-08-10T08:32:56Z	7.46	10.60	14.70	76	wt2	3958b5a	hodge_leverage_repair_6df0
2026-08-10T08:32:56Z	7.46	10.60	14.70	76	wt1	77306a7	hodge_leverage_repair_6df0
2026-08-10T08:33:11Z	6.93	10.28	14.49	76	wt0	2cc8d57	hodge_leverage_audit_86a3
2026-08-10T08:33:11Z	6.93	10.28	14.49	76	wt3	2d23d88	hodge_leverage_audit_9207
2026-08-10T08:33:11Z	6.93	10.28	14.49	76	wt2	3958b5a	hodge_leverage_repair_6df0
2026-08-10T08:33:11Z	6.93	10.28	14.49	76	wt1	77306a7	hodge_leverage_repair_6df0
2026-08-10T08:33:26Z	6.35	9.99	14.31	76	wt0	2cc8d57	hodge_leverage_audit_86a3
2026-08-10T08:33:26Z	6.35	9.99	14.31	76	wt3	2d23d88	hodge_leverage_audit_9207
2026-08-10T08:33:26Z	6.35	9.99	14.31	76	wt2	3958b5a	hodge_leverage_repair_6df0
2026-08-10T08:33:26Z	6.35	9.99	14.31	76	wt1	77306a7	hodge_leverage_repair_6df0
2026-08-10T08:33:42Z	6.05	9.74	14.15	76	wt0	2cc8d57	hodge_leverage_audit_86a3
2026-08-10T08:33:42Z	6.05	9.74	14.15	76	wt3	2d23d88	hodge_leverage_audit_9207
2026-08-10T08:33:42Z	6.05	9.74	14.15	76	wt2	3958b5a	hodge_leverage_repair_6df0
2026-08-10T08:33:42Z	6.05	9.74	14.15	76	wt1	77306a7	hodge_leverage_repair_6df0
2026-08-10T08:33:57Z	6.05	9.56	14.01	77	wt0	2cc8d57	hodge_leverage_audit_86a3
2026-08-10T08:33:57Z	6.05	9.56	14.01	77	wt3	2d23d88	hodge_leverage_audit_9207
2026-08-10T08:33:57Z	6.05	9.56	14.01	77	wt2	3958b5a	hodge_leverage_repair_6df0
2026-08-10T08:33:57Z	6.05	9.56	14.01	77	wt1	d1dd84d	hodge_leverage_repair_8916
2026-08-10T08:34:12Z	6.20	9.42	13.88	77	wt0	2cc8d57	hodge_leverage_audit_86a3
2026-08-10T08:34:12Z	6.20	9.42	13.88	77	wt3	2d23d88	hodge_leverage_audit_9207
2026-08-10T08:34:12Z	6.20	9.42	13.88	77	wt2	3958b5a	hodge_leverage_repair_6df0
2026-08-10T08:34:12Z	6.20	9.42	13.88	77	wt1	d1dd84d	hodge_leverage_repair_8916
2026-08-10T08:34:27Z	6.55	9.34	13.77	77	wt0	2cc8d57	hodge_leverage_audit_86a3
2026-08-10T08:34:27Z	6.55	9.34	13.77	77	wt3	2d23d88	hodge_leverage_audit_9207
2026-08-10T08:34:27Z	6.55	9.34	13.77	77	wt2	3958b5a	hodge_leverage_repair_6df0
2026-08-10T08:34:27Z	6.55	9.34	13.77	77	wt1	d1dd84d	hodge_leverage_repair_8916
2026-08-10T08:34:43Z	5.99	9.08	13.60	77	wt0	2cc8d57	hodge_leverage_audit_86a3
2026-08-10T08:34:43Z	5.99	9.08	13.60	77	wt3	2d23d88	hodge_leverage_audit_9207
2026-08-10T08:34:43Z	5.99	9.08	13.60	77	wt2	3958b5a	hodge_leverage_repair_6df0
2026-08-10T08:34:43Z	5.99	9.08	13.60	77	wt1	d1dd84d	hodge_leverage_repair_8916
2026-08-10T08:34:58Z	5.93	8.92	13.46	78	wt0	2cc8d57	hodge_leverage_audit_86a3
2026-08-10T08:34:58Z	5.93	8.92	13.46	78	wt3	2d23d88	hodge_leverage_audit_9207
2026-08-10T08:34:58Z	5.93	8.92	13.46	78	wt1	d1dd84d	hodge_leverage_repair_8916
2026-08-10T08:34:58Z	5.93	8.92	13.46	78	wt2	bee07a1	hodge_leverage_repair_8eca
2026-08-10T08:35:13Z	5.80	8.74	13.32	78	wt0	2cc8d57	hodge_leverage_audit_86a3
2026-08-10T08:35:13Z	5.80	8.74	13.32	78	wt3	2d23d88	hodge_leverage_audit_9207
2026-08-10T08:35:13Z	5.80	8.74	13.32	78	wt1	d1dd84d	hodge_leverage_repair_8916
2026-08-10T08:35:13Z	5.80	8.74	13.32	78	wt2	bee07a1	hodge_leverage_repair_8eca
2026-08-10T08:35:29Z	5.47	8.52	13.16	78	wt0	2cc8d57	hodge_leverage_audit_86a3
2026-08-10T08:35:29Z	5.47	8.52	13.16	78	wt3	2d23d88	hodge_leverage_audit_9207
2026-08-10T08:35:29Z	5.47	8.52	13.16	78	wt1	d1dd84d	hodge_leverage_repair_8916
2026-08-10T08:35:29Z	5.47	8.52	13.16	78	wt2	bee07a1	hodge_leverage_repair_8eca
2026-08-10T08:35:44Z	5.77	8.43	13.05	79	wt0	2cc8d57	hodge_leverage_audit_86a3
2026-08-10T08:35:44Z	5.77	8.43	13.05	79	wt1	d1dd84d	hodge_leverage_repair_8916
2026-08-10T08:35:44Z	5.77	8.43	13.05	79	wt2	bee07a1	hodge_leverage_repair_8eca
2026-08-10T08:35:44Z	5.77	8.43	13.05	79	wt3	3bf0cd2	hodge_leverage_repair_ff3e
2026-08-10T08:35:59Z	16.22	10.61	13.75	80	wt0	2cc8d57	hodge_leverage_audit_86a3
2026-08-10T08:35:59Z	16.22	10.61	13.75	80	wt2	bee07a1	hodge_leverage_repair_8eca
2026-08-10T08:35:59Z	16.22	10.61	13.75	80	wt3	3bf0cd2	hodge_leverage_repair_ff3e
2026-08-10T08:35:59Z	16.22	10.61	13.75	80	wt1	924e2ee	landscape_audit_d673
2026-08-10T08:36:15Z	15.52	10.73	13.73	80	wt0	2cc8d57	hodge_leverage_audit_86a3
2026-08-10T08:36:15Z	15.52	10.73	13.73	80	wt2	bee07a1	hodge_leverage_repair_8eca
2026-08-10T08:36:15Z	15.52	10.73	13.73	80	wt3	3bf0cd2	hodge_leverage_repair_ff3e
2026-08-10T08:36:15Z	15.52	10.73	13.73	80	wt1	924e2ee	landscape_audit_d673
2026-08-10T08:36:30Z	13.48	10.52	13.60	80	wt0	2cc8d57	hodge_leverage_audit_86a3
2026-08-10T08:36:30Z	13.48	10.52	13.60	80	wt2	bee07a1	hodge_leverage_repair_8eca
2026-08-10T08:36:30Z	13.48	10.52	13.60	80	wt3	3bf0cd2	hodge_leverage_repair_ff3e
2026-08-10T08:36:30Z	13.48	10.52	13.60	80	wt1	924e2ee	landscape_audit_d673
2026-08-10T08:36:45Z	11.61	10.25	13.45	80	wt0	2cc8d57	hodge_leverage_audit_86a3
2026-08-10T08:36:45Z	11.61	10.25	13.45	80	wt2	bee07a1	hodge_leverage_repair_8eca
2026-08-10T08:36:45Z	11.61	10.25	13.45	80	wt3	3bf0cd2	hodge_leverage_repair_ff3e
2026-08-10T08:36:45Z	11.61	10.25	13.45	80	wt1	924e2ee	landscape_audit_d673
2026-08-10T08:37:01Z	10.73	10.12	13.35	80	wt0	2cc8d57	hodge_leverage_audit_86a3
2026-08-10T08:37:01Z	10.73	10.12	13.35	80	wt2	bee07a1	hodge_leverage_repair_8eca
2026-08-10T08:37:01Z	10.73	10.12	13.35	80	wt3	3bf0cd2	hodge_leverage_repair_ff3e
2026-08-10T08:37:01Z	10.73	10.12	13.35	80	wt1	924e2ee	landscape_audit_d673
2026-08-10T08:37:16Z	9.37	9.85	13.18	81	wt1	714aceb	landscape_ebd8
2026-08-10T08:37:16Z	9.37	9.85	13.18	81	wt0	2cc8d57	hodge_leverage_audit_86a3
2026-08-10T08:37:16Z	9.37	9.85	13.18	81	wt2	bee07a1	hodge_leverage_repair_8eca
2026-08-10T08:37:16Z	9.37	9.85	13.18	81	wt3	3bf0cd2	hodge_leverage_repair_ff3e
2026-08-10T08:37:31Z	8.63	9.66	13.05	81	wt1	714aceb	landscape_ebd8
2026-08-10T08:37:31Z	8.63	9.66	13.05	81	wt0	2cc8d57	hodge_leverage_audit_86a3
2026-08-10T08:37:31Z	8.63	9.66	13.05	81	wt2	bee07a1	hodge_leverage_repair_8eca
2026-08-10T08:37:31Z	8.63	9.66	13.05	81	wt3	3bf0cd2	hodge_leverage_repair_ff3e
2026-08-10T08:37:47Z	8.40	9.56	12.96	81	wt1	714aceb	landscape_ebd8
2026-08-10T08:37:47Z	8.40	9.56	12.96	81	wt0	2cc8d57	hodge_leverage_audit_86a3
2026-08-10T08:37:47Z	8.40	9.56	12.96	81	wt2	bee07a1	hodge_leverage_repair_8eca
2026-08-10T08:37:47Z	8.40	9.56	12.96	81	wt3	3bf0cd2	hodge_leverage_repair_ff3e
2026-08-10T08:38:02Z	7.85	9.39	12.83	81	wt1	714aceb	landscape_ebd8
2026-08-10T08:38:02Z	7.85	9.39	12.83	81	wt0	2cc8d57	hodge_leverage_audit_86a3
2026-08-10T08:38:02Z	7.85	9.39	12.83	81	wt2	bee07a1	hodge_leverage_repair_8eca
2026-08-10T08:38:02Z	7.85	9.39	12.83	81	wt3	3bf0cd2	hodge_leverage_repair_ff3e
2026-08-10T08:38:17Z	7.64	9.27	12.73	82	wt1	1db0be9	landscape_repair_1953
2026-08-10T08:38:17Z	7.64	9.27	12.73	82	wt0	2cc8d57	hodge_leverage_audit_86a3
2026-08-10T08:38:17Z	7.64	9.27	12.73	82	wt2	bee07a1	hodge_leverage_repair_8eca
2026-08-10T08:38:17Z	7.64	9.27	12.73	82	wt3	3bf0cd2	hodge_leverage_repair_ff3e
2026-08-10T08:38:33Z	7.44	9.14	12.62	82	wt1	1db0be9	landscape_repair_1953
2026-08-10T08:38:33Z	7.44	9.14	12.62	82	wt0	2cc8d57	hodge_leverage_audit_86a3
2026-08-10T08:38:33Z	7.44	9.14	12.62	82	wt2	bee07a1	hodge_leverage_repair_8eca
2026-08-10T08:38:33Z	7.44	9.14	12.62	82	wt3	3bf0cd2	hodge_leverage_repair_ff3e
2026-08-10T08:38:48Z	6.90	8.94	12.49	82	wt1	1db0be9	landscape_repair_1953
2026-08-10T08:38:48Z	6.90	8.94	12.49	82	wt0	2cc8d57	hodge_leverage_audit_86a3
2026-08-10T08:38:48Z	6.90	8.94	12.49	82	wt2	bee07a1	hodge_leverage_repair_8eca
2026-08-10T08:38:48Z	6.90	8.94	12.49	82	wt3	3bf0cd2	hodge_leverage_repair_ff3e
2026-08-10T08:39:03Z	6.70	8.79	12.38	82	wt0	2cc8d57	hodge_leverage_audit_86a3
2026-08-10T08:39:03Z	6.70	8.79	12.38	82	wt1	1db0be9	landscape_repair_1953
2026-08-10T08:39:03Z	6.70	8.79	12.38	82	wt2	bee07a1	hodge_leverage_repair_8eca
2026-08-10T08:39:03Z	6.70	8.79	12.38	82	wt3	3bf0cd2	hodge_leverage_repair_ff3e
2026-08-10T08:39:19Z	6.75	8.70	12.28	82	wt0	2cc8d57	hodge_leverage_audit_86a3
2026-08-10T08:39:19Z	6.75	8.70	12.28	82	wt1	1db0be9	landscape_repair_1953
2026-08-10T08:39:19Z	6.75	8.70	12.28	82	wt2	bee07a1	hodge_leverage_repair_8eca
2026-08-10T08:39:19Z	6.75	8.70	12.28	82	wt3	3bf0cd2	hodge_leverage_repair_ff3e
2026-08-10T08:39:34Z	7.21	8.70	12.22	82	wt0	2cc8d57	hodge_leverage_audit_86a3
2026-08-10T08:39:34Z	7.21	8.70	12.22	82	wt1	1db0be9	landscape_repair_1953
2026-08-10T08:39:34Z	7.21	8.70	12.22	82	wt2	bee07a1	hodge_leverage_repair_8eca
2026-08-10T08:39:34Z	7.21	8.70	12.22	82	wt3	3bf0cd2	hodge_leverage_repair_ff3e
2026-08-10T08:39:49Z	7.22	8.63	12.13	83	wt0	2cc8d57	hodge_leverage_audit_86a3
2026-08-10T08:39:49Z	7.22	8.63	12.13	83	wt1	1db0be9	landscape_repair_1953
2026-08-10T08:39:49Z	7.22	8.63	12.13	83	wt2	6b1eacf	landscape_repair_1953
2026-08-10T08:39:49Z	7.22	8.63	12.13	83	wt3	3bf0cd2	hodge_leverage_repair_ff3e
2026-08-10T08:40:05Z	7.94	8.72	12.10	84	wt2	6b1eacf	landscape_repair_1953
2026-08-10T08:40:05Z	7.94	8.72	12.10	84	wt1	806e149	landscape_repair_audit_3b51
2026-08-10T08:40:05Z	7.94	8.72	12.10	84	wt0	2cc8d57	hodge_leverage_audit_86a3
2026-08-10T08:40:05Z	7.94	8.72	12.10	84	wt3	3bf0cd2	hodge_leverage_repair_ff3e
2026-08-10T08:40:20Z	7.64	8.62	12.00	84	wt2	6b1eacf	landscape_repair_1953
2026-08-10T08:40:20Z	7.64	8.62	12.00	84	wt1	806e149	landscape_repair_audit_3b51
2026-08-10T08:40:20Z	7.64	8.62	12.00	84	wt0	2cc8d57	hodge_leverage_audit_86a3
2026-08-10T08:40:20Z	7.64	8.62	12.00	84	wt3	3bf0cd2	hodge_leverage_repair_ff3e
2026-08-10T08:40:35Z	7.75	8.59	11.93	85	wt1	806e149	landscape_repair_audit_3b51
2026-08-10T08:40:35Z	7.75	8.59	11.93	85	wt0	2cc8d57	hodge_leverage_audit_86a3
2026-08-10T08:40:35Z	7.75	8.59	11.93	85	wt2	1e30484	publication_anchor_132a
2026-08-10T08:40:35Z	7.75	8.59	11.93	85	wt3	3bf0cd2	hodge_leverage_repair_ff3e
2026-08-10T08:40:51Z	7.55	8.49	11.84	85	wt0	2cc8d57	hodge_leverage_audit_86a3
2026-08-10T08:40:51Z	7.55	8.49	11.84	85	wt1	806e149	landscape_repair_audit_3b51
2026-08-10T08:40:51Z	7.55	8.49	11.84	85	wt2	1e30484	publication_anchor_132a
2026-08-10T08:40:51Z	7.55	8.49	11.84	85	wt3	3bf0cd2	hodge_leverage_repair_ff3e
2026-08-10T08:41:06Z	7.84	8.50	11.78	87	wt0	2cc8d57	hodge_leverage_audit_86a3
2026-08-10T08:41:06Z	7.84	8.50	11.78	87	wt1	806e149	landscape_repair_audit_3b51
2026-08-10T08:41:06Z	7.84	8.50	11.78	87	wt2	dfa263c	repair_69d1
2026-08-10T08:41:06Z	7.84	8.50	11.78	87	wt3	3bf0cd2	hodge_leverage_repair_ff3e
2026-08-10T08:41:21Z	8.12	8.52	11.71	87	wt0	2cc8d57	hodge_leverage_audit_86a3
2026-08-10T08:41:21Z	8.12	8.52	11.71	87	wt1	806e149	landscape_repair_audit_3b51
2026-08-10T08:41:21Z	8.12	8.52	11.71	87	wt2	dfa263c	repair_69d1
2026-08-10T08:41:21Z	8.12	8.52	11.71	87	wt3	3bf0cd2	hodge_leverage_repair_ff3e
2026-08-10T08:41:37Z	8.64	8.61	11.69	87	wt0	2cc8d57	hodge_leverage_audit_86a3
2026-08-10T08:41:37Z	8.64	8.61	11.69	87	wt1	806e149	landscape_repair_audit_3b51
2026-08-10T08:41:37Z	8.64	8.61	11.69	87	wt2	dfa263c	repair_69d1
2026-08-10T08:41:37Z	8.64	8.61	11.69	87	wt3	3bf0cd2	hodge_leverage_repair_ff3e
2026-08-10T08:41:52Z	8.43	8.56	11.62	88	wt0	2cc8d57	hodge_leverage_audit_86a3
2026-08-10T08:41:52Z	8.43	8.56	11.62	88	wt2	dfa263c	repair_69d1
2026-08-10T08:41:52Z	8.43	8.56	11.62	88	wt1	dfa263c	repair_8d5e
2026-08-10T08:41:52Z	8.43	8.56	11.62	88	wt3	3bf0cd2	hodge_leverage_repair_ff3e
2026-08-10T08:42:08Z	8.67	8.61	11.58	88	wt0	2cc8d57	hodge_leverage_audit_86a3
2026-08-10T08:42:08Z	8.67	8.61	11.58	88	wt2	dfa263c	repair_69d1
2026-08-10T08:42:08Z	8.67	8.61	11.58	88	wt1	dfa263c	repair_8d5e
2026-08-10T08:42:08Z	8.67	8.61	11.58	88	wt3	3bf0cd2	hodge_leverage_repair_ff3e
2026-08-10T08:42:23Z	8.43	8.57	11.51	88	wt0	2cc8d57	hodge_leverage_audit_86a3
2026-08-10T08:42:23Z	8.43	8.57	11.51	88	wt1	dfa263c	repair_8d5e
2026-08-10T08:42:23Z	8.43	8.57	11.51	88	wt2	dfa263c	repair_69d1
2026-08-10T08:42:23Z	8.43	8.57	11.51	88	wt3	3bf0cd2	hodge_leverage_repair_ff3e
2026-08-10T08:42:39Z	8.39	8.55	11.46	88	wt0	2cc8d57	hodge_leverage_audit_86a3
2026-08-10T08:42:39Z	8.39	8.55	11.46	88	wt1	dfa263c	repair_8d5e
2026-08-10T08:42:39Z	8.39	8.55	11.46	88	wt2	dfa263c	repair_69d1
2026-08-10T08:42:39Z	8.39	8.55	11.46	88	wt3	3bf0cd2	hodge_leverage_repair_ff3e
2026-08-10T08:42:54Z	9.20	8.72	11.47	88	wt0	2cc8d57	hodge_leverage_audit_86a3
2026-08-10T08:42:54Z	9.20	8.72	11.47	88	wt1	dfa263c	repair_8d5e
2026-08-10T08:42:54Z	9.20	8.72	11.47	88	wt2	dfa263c	repair_69d1
2026-08-10T08:42:54Z	9.20	8.72	11.47	88	wt3	3bf0cd2	hodge_leverage_repair_ff3e
2026-08-10T08:43:09Z	9.92	8.90	11.48	88	wt0	2cc8d57	hodge_leverage_audit_86a3
2026-08-10T08:43:09Z	9.92	8.90	11.48	88	wt1	dfa263c	repair_8d5e
2026-08-10T08:43:09Z	9.92	8.90	11.48	88	wt2	dfa263c	repair_69d1
2026-08-10T08:43:09Z	9.92	8.90	11.48	88	wt3	3bf0cd2	hodge_leverage_repair_ff3e
2026-08-10T08:43:25Z	9.47	8.85	11.42	88	wt0	2cc8d57	hodge_leverage_audit_86a3
2026-08-10T08:43:25Z	9.47	8.85	11.42	88	wt1	dfa263c	repair_8d5e
2026-08-10T08:43:25Z	9.47	8.85	11.42	88	wt2	dfa263c	repair_69d1
2026-08-10T08:43:25Z	9.47	8.85	11.42	88	wt3	3bf0cd2	hodge_leverage_repair_ff3e
2026-08-10T08:43:40Z	9.20	8.83	11.36	88	wt0	2cc8d57	hodge_leverage_audit_86a3
2026-08-10T08:43:40Z	9.20	8.83	11.36	88	wt1	dfa263c	repair_8d5e
2026-08-10T08:43:40Z	9.20	8.83	11.36	88	wt2	dfa263c	repair_69d1
2026-08-10T08:43:40Z	9.20	8.83	11.36	88	wt3	3bf0cd2	hodge_leverage_repair_ff3e
2026-08-10T08:43:56Z	9.08	8.82	11.32	89	wt0	2cc8d57	hodge_leverage_audit_86a3
2026-08-10T08:43:56Z	9.08	8.82	11.32	89	wt1	dfa263c	repair_8d5e
2026-08-10T08:43:56Z	9.08	8.82	11.32	89	wt2	b1c3467	repair_b2af
2026-08-10T08:43:56Z	9.08	8.82	11.32	89	wt3	3bf0cd2	hodge_leverage_repair_ff3e
2026-08-10T08:44:11Z	8.31	8.66	11.22	89	wt0	2cc8d57	hodge_leverage_audit_86a3
2026-08-10T08:44:11Z	8.31	8.66	11.22	89	wt1	dfa263c	repair_8d5e
2026-08-10T08:44:11Z	8.31	8.66	11.22	89	wt2	b1c3467	repair_b2af
2026-08-10T08:44:11Z	8.31	8.66	11.22	89	wt3	3bf0cd2	hodge_leverage_repair_ff3e
2026-08-10T08:44:26Z	8.34	8.65	11.15	89	wt0	2cc8d57	hodge_leverage_audit_86a3
2026-08-10T08:44:26Z	8.34	8.65	11.15	89	wt1	dfa263c	repair_8d5e
2026-08-10T08:44:26Z	8.34	8.65	11.15	89	wt2	b1c3467	repair_b2af
2026-08-10T08:44:26Z	8.34	8.65	11.15	89	wt3	3bf0cd2	hodge_leverage_repair_ff3e
2026-08-10T08:44:42Z	8.23	8.61	11.10	89	wt0	2cc8d57	hodge_leverage_audit_86a3
2026-08-10T08:44:42Z	8.23	8.61	11.10	89	wt2	b1c3467	repair_b2af
2026-08-10T08:44:42Z	8.23	8.61	11.10	89	wt1	dfa263c	repair_8d5e
2026-08-10T08:44:42Z	8.23	8.61	11.10	89	wt3	3bf0cd2	hodge_leverage_repair_ff3e
2026-08-10T08:44:57Z	8.02	8.55	11.03	89	wt0	2cc8d57	hodge_leverage_audit_86a3
2026-08-10T08:44:57Z	8.02	8.55	11.03	89	wt2	b1c3467	repair_b2af
2026-08-10T08:44:57Z	8.02	8.55	11.03	89	wt1	dfa263c	repair_8d5e
2026-08-10T08:44:57Z	8.02	8.55	11.03	89	wt3	3bf0cd2	hodge_leverage_repair_ff3e
2026-08-10T08:45:12Z	8.55	8.64	11.02	89	wt0	2cc8d57	hodge_leverage_audit_86a3
2026-08-10T08:45:12Z	8.55	8.64	11.02	89	wt2	b1c3467	repair_b2af
2026-08-10T08:45:12Z	8.55	8.64	11.02	89	wt1	dfa263c	repair_8d5e
2026-08-10T08:45:12Z	8.55	8.64	11.02	89	wt3	3bf0cd2	hodge_leverage_repair_ff3e
2026-08-10T08:45:28Z	8.47	8.62	10.97	89	wt0	2cc8d57	hodge_leverage_audit_86a3
2026-08-10T08:45:28Z	8.47	8.62	10.97	89	wt2	b1c3467	repair_b2af
2026-08-10T08:45:28Z	8.47	8.62	10.97	89	wt1	dfa263c	repair_8d5e
2026-08-10T08:45:28Z	8.47	8.62	10.97	89	wt3	3bf0cd2	hodge_leverage_repair_ff3e
2026-08-10T08:45:43Z	8.18	8.56	10.90	89	wt0	2cc8d57	hodge_leverage_audit_86a3
2026-08-10T08:45:43Z	8.18	8.56	10.90	89	wt2	b1c3467	repair_b2af
2026-08-10T08:45:43Z	8.18	8.56	10.90	89	wt1	dfa263c	repair_8d5e
2026-08-10T08:45:43Z	8.18	8.56	10.90	89	wt3	3bf0cd2	hodge_leverage_repair_ff3e
2026-08-10T08:45:59Z	7.71	8.43	10.82	89	wt0	2cc8d57	hodge_leverage_audit_86a3
2026-08-10T08:45:59Z	7.71	8.43	10.82	89	wt2	b1c3467	repair_b2af
2026-08-10T08:45:59Z	7.71	8.43	10.82	89	wt1	dfa263c	repair_8d5e
2026-08-10T08:45:59Z	7.71	8.43	10.82	89	wt3	3bf0cd2	hodge_leverage_repair_ff3e
2026-08-10T08:46:14Z	7.48	8.34	10.74	89	wt0	2cc8d57	hodge_leverage_audit_86a3
2026-08-10T08:46:14Z	7.48	8.34	10.74	89	wt2	b1c3467	repair_b2af
2026-08-10T08:46:14Z	7.48	8.34	10.74	89	wt1	dfa263c	repair_8d5e
2026-08-10T08:46:14Z	7.48	8.34	10.74	89	wt3	3bf0cd2	hodge_leverage_repair_ff3e
2026-08-10T08:46:30Z	7.14	8.23	10.66	89	wt0	2cc8d57	hodge_leverage_audit_86a3
2026-08-10T08:46:30Z	7.14	8.23	10.66	89	wt2	b1c3467	repair_b2af
2026-08-10T08:46:30Z	7.14	8.23	10.66	89	wt1	dfa263c	repair_8d5e
2026-08-10T08:46:30Z	7.14	8.23	10.66	89	wt3	3bf0cd2	hodge_leverage_repair_ff3e
2026-08-10T08:46:45Z	7.32	8.22	10.61	89	wt0	2cc8d57	hodge_leverage_audit_86a3
2026-08-10T08:46:45Z	7.32	8.22	10.61	89	wt2	b1c3467	repair_b2af
2026-08-10T08:46:45Z	7.32	8.22	10.61	89	wt1	dfa263c	repair_8d5e
2026-08-10T08:46:45Z	7.32	8.22	10.61	89	wt3	3bf0cd2	hodge_leverage_repair_ff3e
2026-08-10T08:47:00Z	8.26	8.38	10.63	89	wt0	2cc8d57	hodge_leverage_audit_86a3
2026-08-10T08:47:00Z	8.26	8.38	10.63	89	wt2	b1c3467	repair_b2af
2026-08-10T08:47:00Z	8.26	8.38	10.63	89	wt1	dfa263c	repair_8d5e
2026-08-10T08:47:00Z	8.26	8.38	10.63	89	wt3	3bf0cd2	hodge_leverage_repair_ff3e
2026-08-10T08:47:16Z	8.49	8.43	10.61	90	wt0	2cc8d57	hodge_leverage_audit_86a3
2026-08-10T08:47:16Z	8.49	8.43	10.61	90	wt2	b1c3467	repair_b2af
2026-08-10T08:47:16Z	8.49	8.43	10.61	90	wt3	3bf0cd2	hodge_leverage_repair_ff3e
2026-08-10T08:47:16Z	8.49	8.43	10.61	90	wt1	682db2c	runner_exit_audit_05eb
2026-08-10T08:47:31Z	8.14	8.36	10.54	90	wt0	2cc8d57	hodge_leverage_audit_86a3
2026-08-10T08:47:31Z	8.14	8.36	10.54	90	wt2	b1c3467	repair_b2af
2026-08-10T08:47:31Z	8.14	8.36	10.54	90	wt3	3bf0cd2	hodge_leverage_repair_ff3e
2026-08-10T08:47:31Z	8.14	8.36	10.54	90	wt1	682db2c	runner_exit_audit_05eb
2026-08-10T08:47:31Z	8.14	8.36	10.54	90	wt1	682db2c	branching_audit_2060
2026-08-10T08:47:47Z	7.69	8.24	10.45	90	wt0	2cc8d57	hodge_leverage_audit_86a3
2026-08-10T08:47:47Z	7.69	8.24	10.45	90	wt2	b1c3467	repair_b2af
2026-08-10T08:47:47Z	7.69	8.24	10.45	90	wt3	3bf0cd2	hodge_leverage_repair_ff3e
2026-08-10T08:47:47Z	7.69	8.24	10.45	90	wt1	682db2c	runner_exit_audit_05eb
2026-08-10T08:47:47Z	7.69	8.24	10.45	90	wt1	682db2c	branching_audit_2060
2026-08-10T08:48:02Z	7.17	8.09	10.36	90	wt0	2cc8d57	hodge_leverage_audit_86a3
2026-08-10T08:48:02Z	7.17	8.09	10.36	90	wt2	b1c3467	repair_b2af
2026-08-10T08:48:02Z	7.17	8.09	10.36	90	wt3	3bf0cd2	hodge_leverage_repair_ff3e
2026-08-10T08:48:02Z	7.17	8.09	10.36	90	wt1	682db2c	runner_exit_audit_05eb
2026-08-10T08:48:02Z	7.17	8.09	10.36	90	wt1	682db2c	branching_audit_2060
2026-08-10T08:48:17Z	6.89	7.99	10.28	90	wt0	2cc8d57	hodge_leverage_audit_86a3
2026-08-10T08:48:17Z	6.89	7.99	10.28	90	wt2	b1c3467	repair_b2af
2026-08-10T08:48:17Z	6.89	7.99	10.28	90	wt3	3bf0cd2	hodge_leverage_repair_ff3e
2026-08-10T08:48:17Z	6.89	7.99	10.28	90	wt1	682db2c	runner_exit_audit_05eb
2026-08-10T08:48:17Z	6.89	7.99	10.28	90	wt1	682db2c	branching_audit_2060
2026-08-10T08:48:33Z	6.80	7.91	10.21	90	wt1	682db2c	branching_locate_db09
2026-08-10T08:48:33Z	6.80	7.91	10.21	90	wt0	2cc8d57	hodge_leverage_audit_86a3
2026-08-10T08:48:33Z	6.80	7.91	10.21	90	wt2	b1c3467	repair_b2af
2026-08-10T08:48:33Z	6.80	7.91	10.21	90	wt3	3bf0cd2	hodge_leverage_repair_ff3e
2026-08-10T08:48:33Z	6.80	7.91	10.21	90	wt1	682db2c	runner_exit_audit_05eb
2026-08-10T08:48:48Z	8.08	8.13	10.25	90	wt1	682db2c	face_geometry_landing_da45
2026-08-10T08:48:48Z	8.08	8.13	10.25	90	wt0	2cc8d57	hodge_leverage_audit_86a3
2026-08-10T08:48:48Z	8.08	8.13	10.25	90	wt2	b1c3467	repair_b2af
2026-08-10T08:48:48Z	8.08	8.13	10.25	90	wt3	3bf0cd2	hodge_leverage_repair_ff3e
2026-08-10T08:48:48Z	8.08	8.13	10.25	90	wt1	682db2c	runner_exit_audit_05eb
2026-08-10T08:49:04Z	8.37	8.19	10.23	90	wt1	682db2c	landscape_audit_d673
2026-08-10T08:49:04Z	8.37	8.19	10.23	90	wt0	2cc8d57	hodge_leverage_audit_86a3
2026-08-10T08:49:04Z	8.37	8.19	10.23	90	wt2	b1c3467	repair_b2af
2026-08-10T08:49:04Z	8.37	8.19	10.23	90	wt3	3bf0cd2	hodge_leverage_repair_ff3e
2026-08-10T08:49:04Z	8.37	8.19	10.23	90	wt1	682db2c	runner_exit_audit_05eb
2026-08-10T08:49:19Z	8.33	8.19	10.20	90	wt1	682db2c	landscape_audit_d673
2026-08-10T08:49:19Z	8.33	8.19	10.20	90	wt0	2cc8d57	hodge_leverage_audit_86a3
2026-08-10T08:49:19Z	8.33	8.19	10.20	90	wt2	b1c3467	repair_b2af
2026-08-10T08:49:19Z	8.33	8.19	10.20	90	wt3	3bf0cd2	hodge_leverage_repair_ff3e
2026-08-10T08:49:19Z	8.33	8.19	10.20	90	wt1	682db2c	runner_exit_audit_05eb
2026-08-10T08:49:35Z	8.03	8.13	10.14	90	wt1	682db2c	landscape_audit_d673
2026-08-10T08:49:35Z	8.03	8.13	10.14	90	wt0	2cc8d57	hodge_leverage_audit_86a3
2026-08-10T08:49:35Z	8.03	8.13	10.14	90	wt2	b1c3467	repair_b2af
2026-08-10T08:49:35Z	8.03	8.13	10.14	90	wt3	3bf0cd2	hodge_leverage_repair_ff3e
2026-08-10T08:49:35Z	8.03	8.13	10.14	90	wt1	682db2c	runner_exit_audit_05eb
2026-08-10T08:49:50Z	9.41	8.42	10.21	90	wt2	b1c3467	repair_b2af
2026-08-10T08:49:50Z	9.41	8.42	10.21	90	wt1	682db2c	species_extent_audit_6cb9
2026-08-10T08:49:50Z	9.41	8.42	10.21	90	wt0	2cc8d57	hodge_leverage_audit_86a3
2026-08-10T08:49:50Z	9.41	8.42	10.21	90	wt3	3bf0cd2	hodge_leverage_repair_ff3e
2026-08-10T08:49:50Z	9.41	8.42	10.21	90	wt1	682db2c	runner_exit_audit_05eb
2026-08-10T08:50:06Z	9.39	8.47	10.19	90	wt2	b1c3467	repair_b2af
2026-08-10T08:50:06Z	9.39	8.47	10.19	90	wt1	682db2c	species_remainder_f8fa
2026-08-10T08:50:06Z	9.39	8.47	10.19	90	wt0	2cc8d57	hodge_leverage_audit_86a3
2026-08-10T08:50:06Z	9.39	8.47	10.19	90	wt3	3bf0cd2	hodge_leverage_repair_ff3e
2026-08-10T08:50:06Z	9.39	8.47	10.19	90	wt1	682db2c	runner_exit_audit_05eb
2026-08-10T08:50:21Z	15.96	9.88	10.66	90	wt2	b1c3467	repair_b2af
2026-08-10T08:50:21Z	15.96	9.88	10.66	90	wt1	682db2c	branching_audit_2060
2026-08-10T08:50:21Z	15.96	9.88	10.66	90	wt0	2cc8d57	hodge_leverage_audit_86a3
2026-08-10T08:50:21Z	15.96	9.88	10.66	90	wt3	3bf0cd2	hodge_leverage_repair_ff3e
2026-08-10T08:50:21Z	15.96	9.88	10.66	90	wt1	682db2c	runner_exit_audit_05eb
2026-08-10T08:50:38Z	75.13	23.31	15.43	91	wt2	b1c3467	repair_b2af
2026-08-10T08:50:38Z	75.13	23.31	15.43	91	wt1	682db2c	branching_audit_2060
2026-08-10T08:50:38Z	75.13	23.31	15.43	91	wt0	2cc8d57	hodge_leverage_audit_86a3
2026-08-10T08:50:38Z	75.13	23.31	15.43	91	wt3	be06d36	runner_exit_audit_56dc
2026-08-10T08:50:38Z	75.13	23.31	15.43	91	wt1	682db2c	runner_exit_audit_05eb
2026-08-10T08:50:56Z	83.42	27.85	17.20	91	wt2	b1c3467	repair_b2af
2026-08-10T08:50:56Z	83.42	27.85	17.20	91	wt1	682db2c	branching_audit_2060
2026-08-10T08:50:56Z	83.42	27.85	17.20	91	wt0	2cc8d57	hodge_leverage_audit_86a3
2026-08-10T08:50:56Z	83.42	27.85	17.20	91	wt3	be06d36	runner_exit_audit_56dc
2026-08-10T08:50:56Z	83.42	27.85	17.20	91	wt1	682db2c	runner_exit_audit_05eb
2026-08-10T08:51:13Z	127.57	41.78	22.46	91	wt2	b1c3467	repair_b2af
2026-08-10T08:51:13Z	127.57	41.78	22.46	91	wt1	682db2c	branching_audit_2060
2026-08-10T08:51:13Z	127.57	41.78	22.46	91	wt0	2cc8d57	hodge_leverage_audit_86a3
2026-08-10T08:51:13Z	127.57	41.78	22.46	91	wt3	be06d36	runner_exit_audit_56dc
2026-08-10T08:51:13Z	127.57	41.78	22.46	91	wt1	682db2c	runner_exit_audit_05eb
2026-08-10T08:51:29Z	101.49	40.22	22.24	91	wt2	b1c3467	repair_b2af
2026-08-10T08:51:29Z	101.49	40.22	22.24	91	wt1	682db2c	branching_audit_2060
2026-08-10T08:51:29Z	101.49	40.22	22.24	91	wt0	2cc8d57	hodge_leverage_audit_86a3
2026-08-10T08:51:29Z	101.49	40.22	22.24	91	wt3	be06d36	runner_exit_audit_56dc
2026-08-10T08:51:29Z	101.49	40.22	22.24	91	wt1	682db2c	runner_exit_audit_05eb
2026-08-10T08:51:44Z	85.37	39.65	22.35	91	wt2	b1c3467	repair_b2af
2026-08-10T08:51:44Z	85.37	39.65	22.35	91	wt1	682db2c	branching_audit_2060
2026-08-10T08:51:44Z	85.37	39.65	22.35	91	wt0	2cc8d57	hodge_leverage_audit_86a3
2026-08-10T08:51:44Z	85.37	39.65	22.35	91	wt3	be06d36	runner_exit_audit_56dc
2026-08-10T08:51:44Z	85.37	39.65	22.35	91	wt1	682db2c	runner_exit_audit_05eb
2026-08-10T08:52:00Z	69.88	38.47	22.23	92	wt2	b1c3467	repair_b2af
2026-08-10T08:52:00Z	69.88	38.47	22.23	92	wt1	682db2c	branching_audit_2060
2026-08-10T08:52:00Z	69.88	38.47	22.23	92	wt0	2cc8d57	hodge_leverage_audit_86a3
2026-08-10T08:52:00Z	69.88	38.47	22.23	92	wt3	b3fabc6	runner_exit_audit_dee4
2026-08-10T08:52:00Z	69.88	38.47	22.23	92	wt1	682db2c	runner_exit_audit_05eb
2026-08-10T08:52:16Z	59.00	37.63	22.21	92	wt2	b1c3467	repair_b2af
2026-08-10T08:52:16Z	59.00	37.63	22.21	92	wt1	682db2c	branching_audit_2060
2026-08-10T08:52:16Z	59.00	37.63	22.21	92	wt0	2cc8d57	hodge_leverage_audit_86a3
2026-08-10T08:52:16Z	59.00	37.63	22.21	92	wt3	b3fabc6	runner_exit_audit_dee4
2026-08-10T08:52:16Z	59.00	37.63	22.21	92	wt1	682db2c	runner_exit_audit_05eb
2026-08-10T08:52:32Z	48.16	36.57	22.20	92	wt2	b1c3467	repair_b2af
2026-08-10T08:52:32Z	48.16	36.57	22.20	92	wt1	682db2c	branching_audit_2060
2026-08-10T08:52:32Z	48.16	36.57	22.20	92	wt0	2cc8d57	hodge_leverage_audit_86a3
2026-08-10T08:52:32Z	48.16	36.57	22.20	92	wt3	b3fabc6	runner_exit_audit_dee4
2026-08-10T08:52:32Z	48.16	36.57	22.20	92	wt1	682db2c	runner_exit_audit_05eb
2026-08-10T08:52:47Z	40.86	35.52	22.07	93	wt2	b1c3467	repair_b2af
2026-08-10T08:52:47Z	40.86	35.52	22.07	93	wt1	682db2c	branching_audit_2060
2026-08-10T08:52:47Z	40.86	35.52	22.07	93	wt3	b3fabc6	runner_exit_audit_dee4
2026-08-10T08:52:47Z	40.86	35.52	22.07	93	wt0	ba85387	runner_exit_audit_dee4
2026-08-10T08:52:47Z	40.86	35.52	22.07	93	wt1	682db2c	runner_exit_audit_05eb
2026-08-10T08:53:03Z	35.26	34.53	21.95	93	wt2	b1c3467	repair_b2af
2026-08-10T08:53:03Z	35.26	34.53	21.95	93	wt1	682db2c	branching_audit_2060
2026-08-10T08:53:03Z	35.26	34.53	21.95	93	wt3	b3fabc6	runner_exit_audit_dee4
2026-08-10T08:53:03Z	35.26	34.53	21.95	93	wt0	ba85387	runner_exit_audit_dee4
2026-08-10T08:53:03Z	35.26	34.53	21.95	93	wt1	682db2c	runner_exit_audit_05eb
2026-08-10T08:53:19Z	31.12	33.65	21.86	93	wt2	b1c3467	repair_b2af
2026-08-10T08:53:19Z	31.12	33.65	21.86	93	wt1	682db2c	branching_audit_2060
2026-08-10T08:53:19Z	31.12	33.65	21.86	93	wt3	b3fabc6	runner_exit_audit_dee4
2026-08-10T08:53:19Z	31.12	33.65	21.86	93	wt0	ba85387	runner_exit_audit_dee4
2026-08-10T08:53:19Z	31.12	33.65	21.86	93	wt1	682db2c	runner_exit_audit_05eb
2026-08-10T08:53:34Z	26.63	32.54	21.67	93	wt2	b1c3467	repair_b2af
2026-08-10T08:53:34Z	26.63	32.54	21.67	93	wt1	682db2c	branching_audit_2060
2026-08-10T08:53:34Z	26.63	32.54	21.67	93	wt3	b3fabc6	runner_exit_audit_dee4
2026-08-10T08:53:34Z	26.63	32.54	21.67	93	wt0	ba85387	runner_exit_audit_dee4
2026-08-10T08:53:34Z	26.63	32.54	21.67	93	wt1	682db2c	runner_exit_audit_05eb
2026-08-10T08:53:50Z	22.35	31.31	21.42	93	wt2	b1c3467	repair_b2af
2026-08-10T08:53:50Z	22.35	31.31	21.42	93	wt1	682db2c	branching_audit_2060
2026-08-10T08:53:50Z	22.35	31.31	21.42	93	wt3	b3fabc6	runner_exit_audit_dee4
2026-08-10T08:53:50Z	22.35	31.31	21.42	93	wt0	ba85387	runner_exit_audit_dee4
2026-08-10T08:53:50Z	22.35	31.31	21.42	93	wt1	682db2c	runner_exit_audit_05eb
2026-08-10T08:54:05Z	18.85	30.10	21.16	93	wt2	b1c3467	repair_b2af
2026-08-10T08:54:05Z	18.85	30.10	21.16	93	wt1	682db2c	branching_audit_2060
2026-08-10T08:54:05Z	18.85	30.10	21.16	93	wt3	b3fabc6	runner_exit_audit_dee4
2026-08-10T08:54:05Z	18.85	30.10	21.16	93	wt0	ba85387	runner_exit_audit_dee4
2026-08-10T08:54:05Z	18.85	30.10	21.16	93	wt1	682db2c	runner_exit_audit_05eb
2026-08-10T08:54:21Z	15.92	28.90	20.89	93	wt2	b1c3467	repair_b2af
2026-08-10T08:54:21Z	15.92	28.90	20.89	93	wt3	b3fabc6	runner_exit_audit_dee4
2026-08-10T08:54:21Z	15.92	28.90	20.89	93	wt0	ba85387	runner_exit_audit_dee4
2026-08-10T08:54:21Z	15.92	28.90	20.89	93	wt1	682db2c	branching_locate_db09
2026-08-10T08:54:21Z	15.92	28.90	20.89	93	wt1	682db2c	runner_exit_audit_05eb
2026-08-10T08:54:36Z	14.01	27.84	20.65	94	wt2	b1c3467	repair_b2af
2026-08-10T08:54:36Z	14.01	27.84	20.65	94	wt0	ba85387	runner_exit_audit_dee4
2026-08-10T08:54:36Z	14.01	27.84	20.65	94	wt1	682db2c	branching_locate_db09
2026-08-10T08:54:36Z	14.01	27.84	20.65	94	wt3	52aeaf4	runner_exit_c2b3
2026-08-10T08:54:36Z	14.01	27.84	20.65	94	wt1	682db2c	runner_exit_audit_05eb
2026-08-10T08:54:52Z	13.44	26.83	20.45	94	wt2	b1c3467	repair_b2af
2026-08-10T08:54:52Z	13.44	26.83	20.45	94	wt0	ba85387	runner_exit_audit_dee4
2026-08-10T08:54:52Z	13.44	26.83	20.45	94	wt1	682db2c	branching_locate_db09
2026-08-10T08:54:52Z	13.44	26.83	20.45	94	wt3	52aeaf4	runner_exit_c2b3
2026-08-10T08:54:52Z	13.44	26.83	20.45	94	wt1	682db2c	runner_exit_audit_05eb
2026-08-10T08:55:07Z	12.23	25.90	20.23	94	wt2	b1c3467	repair_b2af
2026-08-10T08:55:07Z	12.23	25.90	20.23	94	wt0	ba85387	runner_exit_audit_dee4
2026-08-10T08:55:07Z	12.23	25.90	20.23	94	wt1	682db2c	branching_locate_db09
2026-08-10T08:55:07Z	12.23	25.90	20.23	94	wt3	52aeaf4	runner_exit_c2b3
2026-08-10T08:55:07Z	12.23	25.90	20.23	94	wt1	682db2c	runner_exit_audit_05eb
2026-08-10T08:55:23Z	11.21	25.01	20.01	94	wt2	b1c3467	repair_b2af
2026-08-10T08:55:23Z	11.21	25.01	20.01	94	wt3	52aeaf4	runner_exit_c2b3
2026-08-10T08:55:23Z	11.21	25.01	20.01	94	wt0	ba85387	runner_exit_audit_dee4
2026-08-10T08:55:23Z	11.21	25.01	20.01	94	wt1	682db2c	face_geometry
2026-08-10T08:55:23Z	11.21	25.01	20.01	94	wt1	682db2c	runner_exit_audit_05eb
2026-08-10T08:55:38Z	9.83	24.03	19.75	94	wt2	b1c3467	repair_b2af
2026-08-10T08:55:38Z	9.83	24.03	19.75	94	wt3	52aeaf4	runner_exit_c2b3
2026-08-10T08:55:38Z	9.83	24.03	19.75	94	wt0	ba85387	runner_exit_audit_dee4
2026-08-10T08:55:38Z	9.83	24.03	19.75	94	wt1	682db2c	face_geometry
2026-08-10T08:55:38Z	9.83	24.03	19.75	94	wt1	682db2c	runner_exit_audit_05eb
2026-08-10T08:55:54Z	9.51	23.27	19.56	94	wt2	b1c3467	repair_b2af
2026-08-10T08:55:54Z	9.51	23.27	19.56	94	wt3	52aeaf4	runner_exit_c2b3
2026-08-10T08:55:54Z	9.51	23.27	19.56	94	wt0	ba85387	runner_exit_audit_dee4
2026-08-10T08:55:54Z	9.51	23.27	19.56	94	wt1	682db2c	face_geometry_audit_1c80
2026-08-10T08:55:54Z	9.51	23.27	19.56	94	wt1	682db2c	runner_exit_audit_05eb
2026-08-10T08:56:09Z	9.41	22.57	19.37	94	wt2	b1c3467	repair_b2af
2026-08-10T08:56:09Z	9.41	22.57	19.37	94	wt3	52aeaf4	runner_exit_c2b3
2026-08-10T08:56:09Z	9.41	22.57	19.37	94	wt0	ba85387	runner_exit_audit_dee4
2026-08-10T08:56:09Z	9.41	22.57	19.37	94	wt1	682db2c	face_geometry_audit_6653
2026-08-10T08:56:09Z	9.41	22.57	19.37	94	wt1	682db2c	runner_exit_audit_05eb
2026-08-10T08:56:24Z	9.25	21.89	19.18	94	wt2	b1c3467	repair_b2af
2026-08-10T08:56:24Z	9.25	21.89	19.18	94	wt3	52aeaf4	runner_exit_c2b3
2026-08-10T08:56:24Z	9.25	21.89	19.18	94	wt0	ba85387	runner_exit_audit_dee4
2026-08-10T08:56:24Z	9.25	21.89	19.18	94	wt1	682db2c	runner_exit_audit_05eb
2026-08-10T08:56:24Z	9.25	21.89	19.18	94	wt1	682db2c	face_geometry_landing_7d5a
2026-08-10T08:56:40Z	10.32	21.51	19.09	95	wt1	682db2c	landscape_audit_d673
2026-08-10T08:56:40Z	10.32	21.51	19.09	95	wt3	52aeaf4	runner_exit_c2b3
2026-08-10T08:56:40Z	10.32	21.51	19.09	95	wt0	ba85387	runner_exit_audit_dee4
2026-08-10T08:56:40Z	10.32	21.51	19.09	95	wt1	682db2c	runner_exit_audit_05eb
2026-08-10T08:56:40Z	10.32	21.51	19.09	95	wt2	8c55168	runner_exit_c2b3
2026-08-10T08:56:55Z	9.86	20.86	18.90	95	wt1	682db2c	landscape_audit_d673
2026-08-10T08:56:55Z	9.86	20.86	18.90	95	wt3	52aeaf4	runner_exit_c2b3
2026-08-10T08:56:55Z	9.86	20.86	18.90	95	wt0	ba85387	runner_exit_audit_dee4
2026-08-10T08:56:55Z	9.86	20.86	18.90	95	wt1	682db2c	runner_exit_audit_05eb
2026-08-10T08:56:55Z	9.86	20.86	18.90	95	wt2	8c55168	runner_exit_c2b3
2026-08-10T08:57:11Z	9.48	20.23	18.71	95	wt1	682db2c	landscape_audit_d673
2026-08-10T08:57:11Z	9.48	20.23	18.71	95	wt3	52aeaf4	runner_exit_c2b3
2026-08-10T08:57:11Z	9.48	20.23	18.71	95	wt0	ba85387	runner_exit_audit_dee4
2026-08-10T08:57:11Z	9.48	20.23	18.71	95	wt1	682db2c	runner_exit_audit_05eb
2026-08-10T08:57:11Z	9.48	20.23	18.71	95	wt2	8c55168	runner_exit_c2b3
2026-08-10T08:57:26Z	8.94	19.58	18.51	95	wt1	682db2c	landscape_audit_d673
2026-08-10T08:57:26Z	8.94	19.58	18.51	95	wt3	52aeaf4	runner_exit_c2b3
2026-08-10T08:57:26Z	8.94	19.58	18.51	95	wt0	ba85387	runner_exit_audit_dee4
2026-08-10T08:57:26Z	8.94	19.58	18.51	95	wt1	682db2c	runner_exit_audit_05eb
2026-08-10T08:57:26Z	8.94	19.58	18.51	95	wt2	8c55168	runner_exit_c2b3
2026-08-10T08:57:42Z	8.07	18.70	18.21	95	wt1	682db2c	landscape_audit_d673
2026-08-10T08:57:42Z	8.07	18.70	18.21	95	wt3	52aeaf4	runner_exit_c2b3
2026-08-10T08:57:42Z	8.07	18.70	18.21	95	wt0	ba85387	runner_exit_audit_dee4
2026-08-10T08:57:42Z	8.07	18.70	18.21	95	wt1	682db2c	runner_exit_audit_05eb
2026-08-10T08:57:42Z	8.07	18.70	18.21	95	wt2	8c55168	runner_exit_c2b3
2026-08-10T08:57:57Z	7.89	18.14	18.02	96	wt1	682db2c	landscape_audit_d673
2026-08-10T08:57:57Z	7.89	18.14	18.02	96	wt0	973ca61	runner_exit_c2b3
2026-08-10T08:57:57Z	7.89	18.14	18.02	96	wt3	52aeaf4	runner_exit_c2b3
2026-08-10T08:57:57Z	7.89	18.14	18.02	96	wt1	682db2c	runner_exit_audit_05eb
2026-08-10T08:57:57Z	7.89	18.14	18.02	96	wt2	8c55168	runner_exit_c2b3
2026-08-10T08:58:12Z	8.78	17.81	17.91	96	wt0	973ca61	runner_exit_c2b3
2026-08-10T08:58:12Z	8.78	17.81	17.91	96	wt1	682db2c	species_7d75
2026-08-10T08:58:12Z	8.78	17.81	17.91	96	wt3	52aeaf4	runner_exit_c2b3
2026-08-10T08:58:12Z	8.78	17.81	17.91	96	wt1	682db2c	runner_exit_audit_05eb
2026-08-10T08:58:12Z	8.78	17.81	17.91	96	wt2	8c55168	runner_exit_c2b3
2026-08-10T08:58:28Z	8.76	17.36	17.74	96	wt0	973ca61	runner_exit_c2b3
2026-08-10T08:58:28Z	8.76	17.36	17.74	96	wt1	682db2c	species_7d75
2026-08-10T08:58:28Z	8.76	17.36	17.74	96	wt3	52aeaf4	runner_exit_c2b3
2026-08-10T08:58:28Z	8.76	17.36	17.74	96	wt1	682db2c	runner_exit_audit_05eb
2026-08-10T08:58:28Z	8.76	17.36	17.74	96	wt2	8c55168	runner_exit_c2b3
2026-08-10T08:58:43Z	8.45	16.87	17.56	96	wt0	973ca61	runner_exit_c2b3
2026-08-10T08:58:43Z	8.45	16.87	17.56	96	wt1	682db2c	species_7d75
2026-08-10T08:58:43Z	8.45	16.87	17.56	96	wt3	52aeaf4	runner_exit_c2b3
2026-08-10T08:58:43Z	8.45	16.87	17.56	96	wt1	682db2c	runner_exit_audit_05eb
2026-08-10T08:58:43Z	8.45	16.87	17.56	96	wt2	8c55168	runner_exit_c2b3
2026-08-10T08:58:59Z	8.84	16.55	17.43	96	wt0	973ca61	runner_exit_c2b3
2026-08-10T08:58:59Z	8.84	16.55	17.43	96	wt1	682db2c	species_audit_73df
2026-08-10T08:58:59Z	8.84	16.55	17.43	96	wt3	52aeaf4	runner_exit_c2b3
2026-08-10T08:58:59Z	8.84	16.55	17.43	96	wt1	682db2c	runner_exit_audit_05eb
2026-08-10T08:58:59Z	8.84	16.55	17.43	96	wt2	8c55168	runner_exit_c2b3
2026-08-10T08:59:14Z	8.32	16.06	17.25	96	wt0	973ca61	runner_exit_c2b3
2026-08-10T08:59:14Z	8.32	16.06	17.25	96	wt1	682db2c	species_audit_73df
2026-08-10T08:59:14Z	8.32	16.06	17.25	96	wt3	52aeaf4	runner_exit_c2b3
2026-08-10T08:59:14Z	8.32	16.06	17.25	96	wt1	682db2c	runner_exit_audit_05eb
2026-08-10T08:59:14Z	8.32	16.06	17.25	96	wt2	8c55168	runner_exit_c2b3
2026-08-10T08:59:29Z	11.07	16.25	17.29	96	wt0	973ca61	runner_exit_c2b3
2026-08-10T08:59:29Z	11.07	16.25	17.29	96	wt1	682db2c	species_audit_73df
2026-08-10T08:59:29Z	11.07	16.25	17.29	96	wt3	52aeaf4	runner_exit_c2b3
2026-08-10T08:59:29Z	11.07	16.25	17.29	96	wt1	682db2c	runner_exit_audit_05eb
2026-08-10T08:59:29Z	11.07	16.25	17.29	96	wt2	8c55168	runner_exit_c2b3
2026-08-10T08:59:45Z	10.53	15.88	17.14	96	wt0	973ca61	runner_exit_c2b3
2026-08-10T08:59:45Z	10.53	15.88	17.14	96	wt1	682db2c	species_audit_73df
2026-08-10T08:59:45Z	10.53	15.88	17.14	96	wt3	52aeaf4	runner_exit_c2b3
2026-08-10T08:59:45Z	10.53	15.88	17.14	96	wt1	682db2c	runner_exit_audit_05eb
2026-08-10T08:59:45Z	10.53	15.88	17.14	96	wt2	8c55168	runner_exit_c2b3
2026-08-10T09:00:00Z	9.84	15.46	16.97	96	wt0	973ca61	runner_exit_c2b3
2026-08-10T09:00:00Z	9.84	15.46	16.97	96	wt1	682db2c	species_audit_73df
2026-08-10T09:00:00Z	9.84	15.46	16.97	96	wt3	52aeaf4	runner_exit_c2b3
2026-08-10T09:00:00Z	9.84	15.46	16.97	96	wt1	682db2c	runner_exit_audit_05eb
2026-08-10T09:00:00Z	9.84	15.46	16.97	96	wt2	8c55168	runner_exit_c2b3
2026-08-10T09:00:16Z	9.72	15.16	16.83	96	wt0	973ca61	runner_exit_c2b3
2026-08-10T09:00:16Z	9.72	15.16	16.83	96	wt3	52aeaf4	runner_exit_c2b3
2026-08-10T09:00:16Z	9.72	15.16	16.83	96	wt1	682db2c	species_audit_7dd3
2026-08-10T09:00:16Z	9.72	15.16	16.83	96	wt1	682db2c	runner_exit_audit_05eb
2026-08-10T09:00:16Z	9.72	15.16	16.83	96	wt2	8c55168	runner_exit_c2b3
2026-08-10T09:00:31Z	9.96	14.95	16.73	96	wt0	973ca61	runner_exit_c2b3
2026-08-10T09:00:31Z	9.96	14.95	16.73	96	wt3	52aeaf4	runner_exit_c2b3
2026-08-10T09:00:31Z	9.96	14.95	16.73	96	wt1	682db2c	species_audit_7dd3
2026-08-10T09:00:31Z	9.96	14.95	16.73	96	wt1	682db2c	runner_exit_audit_05eb
2026-08-10T09:00:31Z	9.96	14.95	16.73	96	wt2	8c55168	runner_exit_c2b3
2026-08-10T09:00:47Z	9.44	14.59	16.57	96	wt0	973ca61	runner_exit_c2b3
2026-08-10T09:00:47Z	9.44	14.59	16.57	96	wt3	52aeaf4	runner_exit_c2b3
2026-08-10T09:00:47Z	9.44	14.59	16.57	96	wt1	682db2c	species_audit_7dd3
2026-08-10T09:00:47Z	9.44	14.59	16.57	96	wt1	682db2c	runner_exit_audit_05eb
2026-08-10T09:00:47Z	9.44	14.59	16.57	96	wt2	8c55168	runner_exit_c2b3
2026-08-10T09:01:02Z	11.40	14.71	16.57	96	wt0	973ca61	runner_exit_c2b3
2026-08-10T09:01:02Z	11.40	14.71	16.57	96	wt3	52aeaf4	runner_exit_c2b3
2026-08-10T09:01:02Z	11.40	14.71	16.57	96	wt1	682db2c	species_audit_7dd3
2026-08-10T09:01:02Z	11.40	14.71	16.57	96	wt1	682db2c	runner_exit_audit_05eb
2026-08-10T09:01:02Z	11.40	14.71	16.57	96	wt2	8c55168	runner_exit_c2b3
2026-08-10T09:01:18Z	10.35	14.32	16.39	96	wt0	973ca61	runner_exit_c2b3
2026-08-10T09:01:18Z	10.35	14.32	16.39	96	wt3	52aeaf4	runner_exit_c2b3
2026-08-10T09:01:18Z	10.35	14.32	16.39	96	wt1	682db2c	species_audit_a61f
2026-08-10T09:01:18Z	10.35	14.32	16.39	96	wt1	682db2c	runner_exit_audit_05eb
2026-08-10T09:01:18Z	10.35	14.32	16.39	96	wt2	8c55168	runner_exit_c2b3
2026-08-10T09:01:34Z	10.10	14.07	16.27	96	wt0	973ca61	runner_exit_c2b3
2026-08-10T09:01:34Z	10.10	14.07	16.27	96	wt3	52aeaf4	runner_exit_c2b3
2026-08-10T09:01:34Z	10.10	14.07	16.27	96	wt1	682db2c	species_audit_a61f
2026-08-10T09:01:34Z	10.10	14.07	16.27	96	wt2	8c55168	runner_exit_c2b3
2026-08-10T09:01:34Z	10.10	14.07	16.27	96	wt1	682db2c	runner_exit_audit_05eb
2026-08-10T09:01:49Z	9.91	13.84	16.15	96	wt0	973ca61	runner_exit_c2b3
2026-08-10T09:01:49Z	9.91	13.84	16.15	96	wt3	52aeaf4	runner_exit_c2b3
2026-08-10T09:01:49Z	9.91	13.84	16.15	96	wt1	682db2c	species_audit_a61f
2026-08-10T09:01:49Z	9.91	13.84	16.15	96	wt2	8c55168	runner_exit_c2b3
2026-08-10T09:01:49Z	9.91	13.84	16.15	96	wt1	682db2c	runner_exit_audit_05eb
2026-08-10T09:02:04Z	9.80	13.62	16.03	96	wt0	973ca61	runner_exit_c2b3
2026-08-10T09:02:04Z	9.80	13.62	16.03	96	wt3	52aeaf4	runner_exit_c2b3
2026-08-10T09:02:04Z	9.80	13.62	16.03	96	wt1	682db2c	species_audit_a61f
2026-08-10T09:02:04Z	9.80	13.62	16.03	96	wt2	8c55168	runner_exit_c2b3
2026-08-10T09:02:04Z	9.80	13.62	16.03	96	wt1	682db2c	runner_exit_audit_05eb
2026-08-10T09:02:20Z	10.81	13.64	15.99	97	wt0	973ca61	runner_exit_c2b3
2026-08-10T09:02:20Z	10.81	13.64	15.99	97	wt3	52aeaf4	runner_exit_c2b3
2026-08-10T09:02:20Z	10.81	13.64	15.99	97	wt2	8c55168	runner_exit_c2b3
2026-08-10T09:02:20Z	10.81	13.64	15.99	97	wt1	675c2ba	runner_exit_repair_70c7
2026-08-10T09:02:35Z	10.46	13.43	15.87	97	wt0	973ca61	runner_exit_c2b3
2026-08-10T09:02:35Z	10.46	13.43	15.87	97	wt3	52aeaf4	runner_exit_c2b3
2026-08-10T09:02:35Z	10.46	13.43	15.87	97	wt2	8c55168	runner_exit_c2b3
2026-08-10T09:02:35Z	10.46	13.43	15.87	97	wt1	675c2ba	runner_exit_repair_70c7
2026-08-10T09:02:51Z	10.00	13.18	15.74	97	wt3	52aeaf4	runner_exit_c2b3
2026-08-10T09:02:51Z	10.00	13.18	15.74	97	wt2	8c55168	runner_exit_c2b3
2026-08-10T09:02:51Z	10.00	13.18	15.74	97	wt1	675c2ba	runner_exit_repair_70c7
2026-08-10T09:02:51Z	10.00	13.18	15.74	97	wt0	973ca61	runner_exit_c2b3
2026-08-10T09:03:06Z	9.55	12.92	15.61	97	wt3	52aeaf4	runner_exit_c2b3
2026-08-10T09:03:06Z	9.55	12.92	15.61	97	wt2	8c55168	runner_exit_c2b3
2026-08-10T09:03:06Z	9.55	12.92	15.61	97	wt1	675c2ba	runner_exit_repair_70c7
2026-08-10T09:03:06Z	9.55	12.92	15.61	97	wt0	973ca61	runner_exit_c2b3
2026-08-10T09:03:22Z	8.97	12.63	15.45	97	wt3	52aeaf4	runner_exit_c2b3
2026-08-10T09:03:22Z	8.97	12.63	15.45	97	wt2	8c55168	runner_exit_c2b3
2026-08-10T09:03:22Z	8.97	12.63	15.45	97	wt1	675c2ba	runner_exit_repair_70c7
2026-08-10T09:03:22Z	8.97	12.63	15.45	97	wt0	973ca61	runner_exit_c2b3
2026-08-10T09:03:37Z	10.59	12.74	15.43	97	wt3	52aeaf4	runner_exit_c2b3
2026-08-10T09:03:37Z	10.59	12.74	15.43	97	wt2	8c55168	runner_exit_c2b3
2026-08-10T09:03:37Z	10.59	12.74	15.43	97	wt1	675c2ba	runner_exit_repair_70c7
2026-08-10T09:03:37Z	10.59	12.74	15.43	97	wt0	973ca61	runner_exit_c2b3
2026-08-10T09:03:52Z	10.09	12.52	15.30	97	wt3	52aeaf4	runner_exit_c2b3
2026-08-10T09:03:52Z	10.09	12.52	15.30	97	wt2	8c55168	runner_exit_c2b3
2026-08-10T09:03:52Z	10.09	12.52	15.30	97	wt1	675c2ba	runner_exit_repair_70c7
2026-08-10T09:03:52Z	10.09	12.52	15.30	97	wt0	973ca61	runner_exit_c2b3
2026-08-10T09:04:08Z	9.46	12.27	15.16	97	wt3	52aeaf4	runner_exit_c2b3
2026-08-10T09:04:08Z	9.46	12.27	15.16	97	wt2	8c55168	runner_exit_c2b3
2026-08-10T09:04:08Z	9.46	12.27	15.16	97	wt1	675c2ba	runner_exit_repair_70c7
2026-08-10T09:04:08Z	9.46	12.27	15.16	97	wt0	973ca61	runner_exit_c2b3
2026-08-10T09:04:23Z	8.70	11.96	15.00	98	wt2	8c55168	runner_exit_c2b3
2026-08-10T09:04:23Z	8.70	11.96	15.00	98	wt1	675c2ba	runner_exit_repair_70c7
2026-08-10T09:04:23Z	8.70	11.96	15.00	98	wt0	973ca61	runner_exit_c2b3
2026-08-10T09:04:23Z	8.70	11.96	15.00	98	wt3	973ca61	runner_exit_repair_70c7
2026-08-10T09:04:38Z	8.57	11.77	14.88	99	wt2	8c55168	runner_exit_c2b3
2026-08-10T09:04:38Z	8.57	11.77	14.88	99	wt0	973ca61	runner_exit_c2b3
2026-08-10T09:04:38Z	8.57	11.77	14.88	99	wt3	973ca61	runner_exit_repair_70c7
2026-08-10T09:04:38Z	8.57	11.77	14.88	99	wt1	eab14bc	runner_exit_repair_70c7
2026-08-10T09:04:54Z	8.30	11.55	14.74	99	wt2	8c55168	runner_exit_c2b3
2026-08-10T09:04:54Z	8.30	11.55	14.74	99	wt0	973ca61	runner_exit_c2b3
2026-08-10T09:04:54Z	8.30	11.55	14.74	99	wt3	973ca61	runner_exit_repair_70c7
2026-08-10T09:04:54Z	8.30	11.55	14.74	99	wt1	eab14bc	runner_exit_repair_70c7
2026-08-10T09:05:09Z	7.93	11.31	14.60	99	wt2	8c55168	runner_exit_c2b3
2026-08-10T09:05:09Z	7.93	11.31	14.60	99	wt0	973ca61	runner_exit_c2b3
2026-08-10T09:05:09Z	7.93	11.31	14.60	99	wt3	973ca61	runner_exit_repair_70c7
2026-08-10T09:05:09Z	7.93	11.31	14.60	99	wt1	eab14bc	runner_exit_repair_70c7
2026-08-10T09:05:24Z	7.89	11.13	14.48	99	wt2	8c55168	runner_exit_c2b3
2026-08-10T09:05:24Z	7.89	11.13	14.48	99	wt0	973ca61	runner_exit_c2b3
2026-08-10T09:05:24Z	7.89	11.13	14.48	99	wt3	973ca61	runner_exit_repair_70c7
2026-08-10T09:05:24Z	7.89	11.13	14.48	99	wt1	eab14bc	runner_exit_repair_70c7
2026-08-10T09:05:40Z	7.30	10.85	14.32	99	wt2	8c55168	runner_exit_c2b3
2026-08-10T09:05:40Z	7.30	10.85	14.32	99	wt0	973ca61	runner_exit_c2b3
2026-08-10T09:05:40Z	7.30	10.85	14.32	99	wt3	973ca61	runner_exit_repair_70c7
2026-08-10T09:05:40Z	7.30	10.85	14.32	99	wt1	eab14bc	runner_exit_repair_70c7
2026-08-10T09:05:55Z	6.96	10.59	14.17	99	wt2	8c55168	runner_exit_c2b3
2026-08-10T09:05:55Z	6.96	10.59	14.17	99	wt0	973ca61	runner_exit_c2b3
2026-08-10T09:05:55Z	6.96	10.59	14.17	99	wt3	973ca61	runner_exit_repair_70c7
2026-08-10T09:05:55Z	6.96	10.59	14.17	99	wt1	eab14bc	runner_exit_repair_70c7
2026-08-10T09:06:10Z	6.81	10.38	14.03	99	wt2	8c55168	runner_exit_c2b3
2026-08-10T09:06:10Z	6.81	10.38	14.03	99	wt0	973ca61	runner_exit_c2b3
2026-08-10T09:06:10Z	6.81	10.38	14.03	99	wt3	973ca61	runner_exit_repair_70c7
2026-08-10T09:06:10Z	6.81	10.38	14.03	99	wt1	eab14bc	runner_exit_repair_70c7
2026-08-10T09:06:26Z	6.78	10.20	13.90	101	wt0	973ca61	runner_exit_c2b3
2026-08-10T09:06:26Z	6.78	10.20	13.90	101	wt1	eab14bc	runner_exit_repair_70c7
2026-08-10T09:06:26Z	6.78	10.20	13.90	101	wt2	973ca61	runner_exit_repair_7522
2026-08-10T09:06:41Z	7.08	10.09	13.80	103	wt0	973ca61	runner_exit_c2b3
2026-08-10T09:06:41Z	7.08	10.09	13.80	103	wt2	973ca61	runner_exit_repair_7522
2026-08-10T09:06:41Z	7.08	10.09	13.80	103	wt3	675c2ba	runner_exit_repair_bf79
2026-08-10T09:06:41Z	7.08	10.09	13.80	103	wt1	eab14bc	runner_exit_repair_70c7
2026-08-10T09:06:56Z	6.67	9.86	13.65	103	wt0	973ca61	runner_exit_c2b3
2026-08-10T09:06:56Z	6.67	9.86	13.65	103	wt2	973ca61	runner_exit_repair_7522
2026-08-10T09:06:56Z	6.67	9.86	13.65	103	wt3	675c2ba	runner_exit_repair_bf79
2026-08-10T09:06:56Z	6.67	9.86	13.65	103	wt1	eab14bc	runner_exit_repair_70c7
2026-08-10T09:07:12Z	6.24	9.60	13.49	103	wt0	973ca61	runner_exit_c2b3
2026-08-10T09:07:12Z	6.24	9.60	13.49	103	wt2	973ca61	runner_exit_repair_7522
2026-08-10T09:07:12Z	6.24	9.60	13.49	103	wt1	eab14bc	runner_exit_repair_70c7
2026-08-10T09:07:12Z	6.24	9.60	13.49	103	wt3	675c2ba	runner_exit_repair_bf79
2026-08-10T09:07:27Z	6.33	9.46	13.37	104	wt2	973ca61	runner_exit_repair_7522
2026-08-10T09:07:27Z	6.33	9.46	13.37	104	wt1	eab14bc	runner_exit_repair_70c7
2026-08-10T09:07:27Z	6.33	9.46	13.37	104	wt3	675c2ba	runner_exit_repair_bf79
2026-08-10T09:07:27Z	6.33	9.46	13.37	104	wt0	eab14bc	runner_exit_repair_bf79
2026-08-10T09:07:42Z	6.70	9.35	13.24	105	wt3	106e121	species_7d75
2026-08-10T09:07:42Z	6.70	9.35	13.24	105	wt2	973ca61	runner_exit_repair_7522
2026-08-10T09:07:42Z	6.70	9.35	13.24	105	wt1	eab14bc	runner_exit_repair_70c7
2026-08-10T09:07:42Z	6.70	9.35	13.24	105	wt0	eab14bc	runner_exit_repair_bf79
2026-08-10T09:07:58Z	6.85	9.25	13.14	105	wt3	106e121	species_7d75
2026-08-10T09:07:58Z	6.85	9.25	13.14	105	wt0	eab14bc	runner_exit_repair_bf79
2026-08-10T09:07:58Z	6.85	9.25	13.14	105	wt2	973ca61	runner_exit_repair_7522
2026-08-10T09:07:58Z	6.85	9.25	13.14	105	wt1	eab14bc	runner_exit_repair_70c7
2026-08-10T09:08:13Z	6.64	9.09	13.01	105	wt3	106e121	species_7d75
2026-08-10T09:08:13Z	6.64	9.09	13.01	105	wt0	eab14bc	runner_exit_repair_bf79
2026-08-10T09:08:13Z	6.64	9.09	13.01	105	wt2	973ca61	runner_exit_repair_7522
2026-08-10T09:08:13Z	6.64	9.09	13.01	105	wt1	eab14bc	runner_exit_repair_70c7
2026-08-10T09:08:28Z	6.64	8.97	12.90	108	wt0	6a22fbc	species_7d75
2026-08-10T09:08:28Z	6.64	8.97	12.90	108	wt3	83ac472	species_7d75
2026-08-10T09:08:28Z	6.64	8.97	12.90	108	wt2	973ca61	runner_exit_repair_7522
2026-08-10T09:08:28Z	6.64	8.97	12.90	108	wt1	eab14bc	runner_exit_repair_70c7
2026-08-10T09:08:44Z	6.44	8.81	12.77	109	wt0	6a22fbc	species_7d75
2026-08-10T09:08:44Z	6.44	8.81	12.77	109	wt3	83ac472	species_7d75
2026-08-10T09:08:44Z	6.44	8.81	12.77	109	wt1	a13b4a9	species_7d75
2026-08-10T09:08:44Z	6.44	8.81	12.77	109	wt2	973ca61	runner_exit_repair_7522
2026-08-10T09:08:59Z	6.35	8.67	12.65	109	wt0	6a22fbc	species_7d75
2026-08-10T09:08:59Z	6.35	8.67	12.65	109	wt3	83ac472	species_7d75
2026-08-10T09:08:59Z	6.35	8.67	12.65	109	wt1	a13b4a9	species_7d75
2026-08-10T09:08:59Z	6.35	8.67	12.65	109	wt2	973ca61	runner_exit_repair_7522
2026-08-10T09:09:14Z	6.54	8.60	12.56	111	wt1	a13b4a9	species_7d75
2026-08-10T09:09:14Z	6.54	8.60	12.56	111	wt0	ebecd89	species_audit_73df
2026-08-10T09:09:14Z	6.54	8.60	12.56	111	wt3	798afb7	species_audit_7dd3
2026-08-10T09:09:14Z	6.54	8.60	12.56	111	wt2	973ca61	runner_exit_repair_7522
2026-08-10T09:09:30Z	6.78	8.55	12.47	112	wt0	ebecd89	species_audit_73df
2026-08-10T09:09:30Z	6.78	8.55	12.47	112	wt3	798afb7	species_audit_7dd3
2026-08-10T09:09:30Z	6.78	8.55	12.47	112	wt1	8e61d1a	species_audit_a61f
2026-08-10T09:09:30Z	6.78	8.55	12.47	112	wt2	973ca61	runner_exit_repair_7522
2026-08-10T09:09:45Z	6.84	8.48	12.38	112	wt0	ebecd89	species_audit_73df
2026-08-10T09:09:45Z	6.84	8.48	12.38	112	wt1	8e61d1a	species_audit_a61f
2026-08-10T09:09:45Z	6.84	8.48	12.38	112	wt3	798afb7	species_audit_7dd3
2026-08-10T09:09:45Z	6.84	8.48	12.38	112	wt2	973ca61	runner_exit_repair_7522
2026-08-10T09:10:00Z	6.58	8.34	12.26	112	wt0	ebecd89	species_audit_73df
2026-08-10T09:10:00Z	6.58	8.34	12.26	112	wt1	8e61d1a	species_audit_a61f
2026-08-10T09:10:00Z	6.58	8.34	12.26	112	wt3	798afb7	species_audit_7dd3
2026-08-10T09:10:00Z	6.58	8.34	12.26	112	wt2	973ca61	runner_exit_repair_7522
2026-08-10T09:10:15Z	6.07	8.14	12.12	113	wt0	ebecd89	species_audit_73df
2026-08-10T09:10:15Z	6.07	8.14	12.12	113	wt1	8e61d1a	species_audit_a61f
2026-08-10T09:10:15Z	6.07	8.14	12.12	113	wt2	973ca61	runner_exit_repair_7522
2026-08-10T09:10:31Z	5.85	7.99	11.99	114	wt1	8e61d1a	species_audit_a61f
2026-08-10T09:10:31Z	5.85	7.99	11.99	114	wt3	4ede6ef	species_bound_audit_6ef4
2026-08-10T09:10:31Z	5.85	7.99	11.99	114	wt0	e5787e1	species_bound_audit_6ef4
2026-08-10T09:10:31Z	5.85	7.99	11.99	114	wt2	973ca61	runner_exit_repair_7522
2026-08-10T09:10:46Z	5.67	7.84	11.87	114	wt1	8e61d1a	species_audit_a61f
2026-08-10T09:10:46Z	5.67	7.84	11.87	114	wt3	4ede6ef	species_bound_audit_6ef4
2026-08-10T09:10:46Z	5.67	7.84	11.87	114	wt0	e5787e1	species_bound_audit_6ef4
2026-08-10T09:10:46Z	5.67	7.84	11.87	114	wt2	973ca61	runner_exit_repair_7522
2026-08-10T09:11:01Z	6.23	7.86	11.81	114	wt1	8e61d1a	species_audit_a61f
2026-08-10T09:11:01Z	6.23	7.86	11.81	114	wt3	4ede6ef	species_bound_audit_6ef4
2026-08-10T09:11:01Z	6.23	7.86	11.81	114	wt0	e5787e1	species_bound_audit_6ef4
2026-08-10T09:11:01Z	6.23	7.86	11.81	114	wt3	4ede6ef	species_repair_6f61
2026-08-10T09:11:01Z	6.23	7.86	11.81	114	wt2	973ca61	runner_exit_repair_7522
2026-08-10T09:11:17Z	6.49	7.84	11.73	114	wt1	8e61d1a	species_audit_a61f
2026-08-10T09:11:17Z	6.49	7.84	11.73	114	wt3	4ede6ef	species_bound_audit_6ef4
2026-08-10T09:11:17Z	6.49	7.84	11.73	114	wt0	e5787e1	species_bound_audit_6ef4
2026-08-10T09:11:17Z	6.49	7.84	11.73	114	wt3	4ede6ef	species_repair_6f61
2026-08-10T09:11:17Z	6.49	7.84	11.73	114	wt0	e5787e1	species_repair_6f61
2026-08-10T09:11:17Z	6.49	7.84	11.73	114	wt2	973ca61	runner_exit_repair_7522
2026-08-10T09:11:32Z	6.76	7.83	11.66	115	wt3	4ede6ef	species_bound_audit_6ef4
2026-08-10T09:11:32Z	6.76	7.83	11.66	115	wt0	e5787e1	species_bound_audit_6ef4
2026-08-10T09:11:32Z	6.76	7.83	11.66	115	wt3	4ede6ef	species_repair_a4ef
2026-08-10T09:11:32Z	6.76	7.83	11.66	115	wt1	3c8f535	species_bound_repair_5040
2026-08-10T09:11:32Z	6.76	7.83	11.66	115	wt2	973ca61	runner_exit_repair_7522
2026-08-10T09:11:48Z	6.64	7.74	11.54	115	wt3	4ede6ef	species_bound_audit_6ef4
2026-08-10T09:11:48Z	6.64	7.74	11.54	115	wt0	e5787e1	species_bound_audit_6ef4
2026-08-10T09:11:48Z	6.64	7.74	11.54	115	wt1	3c8f535	species_bound_repair_5040
2026-08-10T09:11:48Z	6.64	7.74	11.54	115	wt3	4ede6ef	species_repair_6f61
2026-08-10T09:11:48Z	6.64	7.74	11.54	115	wt0	e5787e1	species_repair_6f61
2026-08-10T09:11:48Z	6.64	7.74	11.54	115	wt2	973ca61	runner_exit_repair_7522
2026-08-10T09:12:03Z	6.27	7.60	11.42	115	wt3	4ede6ef	species_bound_audit_6ef4
2026-08-10T09:12:03Z	6.27	7.60	11.42	115	wt0	e5787e1	species_bound_audit_6ef4
2026-08-10T09:12:03Z	6.27	7.60	11.42	115	wt1	3c8f535	species_bound_repair_5040
2026-08-10T09:12:03Z	6.27	7.60	11.42	115	wt3	4ede6ef	species_repair_6f61
2026-08-10T09:12:03Z	6.27	7.60	11.42	115	wt0	e5787e1	species_repair_6f61
2026-08-10T09:12:03Z	6.27	7.60	11.42	115	wt2	973ca61	runner_exit_repair_7522
2026-08-10T09:12:18Z	6.34	7.56	11.34	115	wt3	4ede6ef	species_bound_audit_6ef4
2026-08-10T09:12:18Z	6.34	7.56	11.34	115	wt0	e5787e1	species_bound_audit_6ef4
2026-08-10T09:12:18Z	6.34	7.56	11.34	115	wt1	3c8f535	species_bound_repair_5040
2026-08-10T09:12:18Z	6.34	7.56	11.34	115	wt0	e5787e1	species_repair_a4ef
2026-08-10T09:12:18Z	6.34	7.56	11.34	115	wt3	4ede6ef	species_repair_6f61
2026-08-10T09:12:18Z	6.34	7.56	11.34	115	wt2	973ca61	runner_exit_repair_7522
2026-08-10T09:12:34Z	5.98	7.42	11.22	115	wt3	4ede6ef	species_bound_audit_6ef4
2026-08-10T09:12:34Z	5.98	7.42	11.22	115	wt0	e5787e1	species_bound_audit_6ef4
2026-08-10T09:12:34Z	5.98	7.42	11.22	115	wt1	3c8f535	species_bound_repair_5040
2026-08-10T09:12:34Z	5.98	7.42	11.22	115	wt3	4ede6ef	species_repair_6f61
2026-08-10T09:12:34Z	5.98	7.42	11.22	115	wt0	e5787e1	species_repair_6f61
2026-08-10T09:12:34Z	5.98	7.42	11.22	115	wt2	973ca61	runner_exit_repair_7522
2026-08-10T09:12:49Z	6.15	7.38	11.14	115	wt3	4ede6ef	species_bound_audit_6ef4
2026-08-10T09:12:49Z	6.15	7.38	11.14	115	wt0	e5787e1	species_bound_audit_6ef4
2026-08-10T09:12:49Z	6.15	7.38	11.14	115	wt1	3c8f535	species_bound_repair_5040
2026-08-10T09:12:49Z	6.15	7.38	11.14	115	wt0	e5787e1	species_repair_6f61
2026-08-10T09:12:49Z	6.15	7.38	11.14	115	wt3	4ede6ef	species_repair_a4ef
2026-08-10T09:12:49Z	6.15	7.38	11.14	115	wt1	3c8f535	species_remainder_f8fa
2026-08-10T09:12:49Z	6.15	7.38	11.14	115	wt2	973ca61	runner_exit_repair_7522
2026-08-10T09:13:05Z	6.67	7.43	11.09	115	wt3	4ede6ef	species_bound_audit_6ef4
2026-08-10T09:13:05Z	6.67	7.43	11.09	115	wt0	e5787e1	species_bound_audit_6ef4
2026-08-10T09:13:05Z	6.67	7.43	11.09	115	wt1	3c8f535	species_bound_repair_5040
2026-08-10T09:13:05Z	6.67	7.43	11.09	115	wt1	3c8f535	species_repair_6f61
2026-08-10T09:13:05Z	6.67	7.43	11.09	115	wt3	4ede6ef	species_repair_6f61
2026-08-10T09:13:05Z	6.67	7.43	11.09	115	wt0	e5787e1	species_repair_6f61
2026-08-10T09:13:05Z	6.67	7.43	11.09	115	wt2	973ca61	runner_exit_repair_7522
2026-08-10T09:13:20Z	6.69	7.39	11.01	115	wt3	4ede6ef	species_bound_audit_6ef4
2026-08-10T09:13:20Z	6.69	7.39	11.01	115	wt0	e5787e1	species_bound_audit_6ef4
2026-08-10T09:13:20Z	6.69	7.39	11.01	115	wt1	3c8f535	species_bound_repair_5040
2026-08-10T09:13:20Z	6.69	7.39	11.01	115	wt3	4ede6ef	species_repair_6f61
2026-08-10T09:13:20Z	6.69	7.39	11.01	115	wt0	e5787e1	species_repair_6f61
2026-08-10T09:13:20Z	6.69	7.39	11.01	115	wt1	3c8f535	species_repair_a4ef
2026-08-10T09:13:20Z	6.69	7.39	11.01	115	wt2	973ca61	runner_exit_repair_7522
2026-08-10T09:13:36Z	6.39	7.29	10.91	115	wt3	4ede6ef	species_bound_audit_6ef4
2026-08-10T09:13:36Z	6.39	7.29	10.91	115	wt0	e5787e1	species_bound_audit_6ef4
2026-08-10T09:13:36Z	6.39	7.29	10.91	115	wt1	3c8f535	species_bound_repair_5040
2026-08-10T09:13:36Z	6.39	7.29	10.91	115	wt0	e5787e1	species_repair_a4ef
2026-08-10T09:13:36Z	6.39	7.29	10.91	115	wt1	3c8f535	species_repair_6f61
2026-08-10T09:13:36Z	6.39	7.29	10.91	115	wt3	4ede6ef	species_repair_6f61
2026-08-10T09:13:36Z	6.39	7.29	10.91	115	wt2	973ca61	runner_exit_repair_7522
2026-08-10T09:13:51Z	6.25	7.21	10.82	115	wt3	4ede6ef	species_bound_audit_6ef4
2026-08-10T09:13:51Z	6.25	7.21	10.82	115	wt0	e5787e1	species_bound_audit_6ef4
2026-08-10T09:13:51Z	6.25	7.21	10.82	115	wt1	3c8f535	species_bound_repair_5040
2026-08-10T09:13:51Z	6.25	7.21	10.82	115	wt1	3c8f535	species_repair_6f61
2026-08-10T09:13:51Z	6.25	7.21	10.82	115	wt3	4ede6ef	species_repair_6f61
2026-08-10T09:13:51Z	6.25	7.21	10.82	115	wt0	e5787e1	species_repair_6f61
2026-08-10T09:13:51Z	6.25	7.21	10.82	115	wt2	973ca61	runner_exit_repair_7522
2026-08-10T09:14:07Z	6.59	7.25	10.77	115	wt3	4ede6ef	species_bound_audit_6ef4
2026-08-10T09:14:07Z	6.59	7.25	10.77	115	wt0	e5787e1	species_bound_audit_6ef4
2026-08-10T09:14:07Z	6.59	7.25	10.77	115	wt1	3c8f535	species_bound_repair_5040
2026-08-10T09:14:07Z	6.59	7.25	10.77	115	wt0	e5787e1	species_repair_6f61
2026-08-10T09:14:07Z	6.59	7.25	10.77	115	wt1	3c8f535	species_repair_a4ef
2026-08-10T09:14:07Z	6.59	7.25	10.77	115	wt2	973ca61	runner_exit_repair_7522
2026-08-10T09:14:22Z	7.05	7.31	10.73	115	wt3	4ede6ef	species_bound_audit_6ef4
2026-08-10T09:14:22Z	7.05	7.31	10.73	115	wt0	e5787e1	species_bound_audit_6ef4
2026-08-10T09:14:22Z	7.05	7.31	10.73	115	wt1	3c8f535	species_bound_repair_5040
2026-08-10T09:14:22Z	7.05	7.31	10.73	115	wt1	3c8f535	species_repair_6f61
2026-08-10T09:14:22Z	7.05	7.31	10.73	115	wt2	973ca61	runner_exit_repair_7522
2026-08-10T09:14:38Z	7.29	7.36	10.67	115	wt3	4ede6ef	species_bound_audit_6ef4
2026-08-10T09:14:38Z	7.29	7.36	10.67	115	wt0	e5787e1	species_bound_audit_6ef4
2026-08-10T09:14:38Z	7.29	7.36	10.67	115	wt1	3c8f535	species_bound_repair_5040
2026-08-10T09:14:38Z	7.29	7.36	10.67	115	wt1	3c8f535	species_repair_6f61
2026-08-10T09:14:38Z	7.29	7.36	10.67	115	wt2	973ca61	runner_exit_repair_7522
2026-08-10T09:14:53Z	7.06	7.30	10.59	115	wt3	4ede6ef	species_bound_audit_6ef4
2026-08-10T09:14:53Z	7.06	7.30	10.59	115	wt0	e5787e1	species_bound_audit_6ef4
2026-08-10T09:14:53Z	7.06	7.30	10.59	115	wt1	3c8f535	species_bound_repair_5040
2026-08-10T09:14:53Z	7.06	7.30	10.59	115	wt1	3c8f535	species_repair_6f61
2026-08-10T09:14:53Z	7.06	7.30	10.59	115	wt2	973ca61	runner_exit_repair_7522
2026-08-10T09:15:08Z	6.89	7.25	10.52	116	wt1	3c8f535	species_bound_repair_5040
2026-08-10T09:15:08Z	6.89	7.25	10.52	116	wt1	3c8f535	species_repair_6f61
2026-08-10T09:15:08Z	6.89	7.25	10.52	116	wt3	f93e41f	species_bound_repair_5040
2026-08-10T09:15:08Z	6.89	7.25	10.52	116	wt0	e5787e1	species_bound_audit_6ef4
2026-08-10T09:15:08Z	6.89	7.25	10.52	116	wt2	973ca61	runner_exit_repair_7522
2026-08-10T09:15:24Z	7.75	7.44	10.52	116	wt1	3c8f535	species_bound_repair_5040
2026-08-10T09:15:24Z	7.75	7.44	10.52	116	wt3	f93e41f	species_bound_repair_5040
2026-08-10T09:15:24Z	7.75	7.44	10.52	116	wt0	e5787e1	species_bound_audit_6ef4
2026-08-10T09:15:24Z	7.75	7.44	10.52	116	wt2	973ca61	runner_exit_repair_7522
2026-08-10T09:15:39Z	7.73	7.45	10.47	116	wt1	3c8f535	species_bound_repair_5040
2026-08-10T09:15:39Z	7.73	7.45	10.47	116	wt3	f93e41f	species_bound_repair_5040
2026-08-10T09:15:39Z	7.73	7.45	10.47	116	wt0	e5787e1	species_bound_audit_6ef4
2026-08-10T09:15:39Z	7.73	7.45	10.47	116	wt2	973ca61	runner_exit_repair_7522
2026-08-10T09:15:54Z	7.57	7.42	10.41	116	wt1	3c8f535	species_bound_repair_5040
2026-08-10T09:15:54Z	7.57	7.42	10.41	116	wt3	f93e41f	species_bound_repair_5040
2026-08-10T09:15:54Z	7.57	7.42	10.41	116	wt0	e5787e1	species_bound_audit_6ef4
2026-08-10T09:15:54Z	7.57	7.42	10.41	116	wt0	e5787e1	species_repair_6f61
2026-08-10T09:15:54Z	7.57	7.42	10.41	116	wt2	973ca61	runner_exit_repair_7522
2026-08-10T09:16:10Z	7.69	7.45	10.37	116	wt1	3c8f535	species_bound_repair_5040
2026-08-10T09:16:10Z	7.69	7.45	10.37	116	wt3	f93e41f	species_bound_repair_5040
2026-08-10T09:16:10Z	7.69	7.45	10.37	116	wt0	e5787e1	species_bound_audit_6ef4
2026-08-10T09:16:10Z	7.69	7.45	10.37	116	wt0	e5787e1	species_repair_6f61
2026-08-10T09:16:10Z	7.69	7.45	10.37	116	wt2	973ca61	runner_exit_repair_7522
2026-08-10T09:16:25Z	7.91	7.51	10.34	116	wt1	3c8f535	species_bound_repair_5040
2026-08-10T09:16:25Z	7.91	7.51	10.34	116	wt3	f93e41f	species_bound_repair_5040
2026-08-10T09:16:25Z	7.91	7.51	10.34	116	wt0	e5787e1	species_bound_audit_6ef4
2026-08-10T09:16:25Z	7.91	7.51	10.34	116	wt3	f93e41f	species_repair_6f61
2026-08-10T09:16:25Z	7.91	7.51	10.34	116	wt0	e5787e1	species_repair_a4ef
2026-08-10T09:16:25Z	7.91	7.51	10.34	116	wt2	973ca61	runner_exit_repair_7522
2026-08-10T09:16:41Z	7.57	7.45	10.27	116	wt1	3c8f535	species_bound_repair_5040
2026-08-10T09:16:41Z	7.57	7.45	10.27	116	wt3	f93e41f	species_bound_repair_5040
2026-08-10T09:16:41Z	7.57	7.45	10.27	116	wt0	e5787e1	species_bound_audit_6ef4
2026-08-10T09:16:41Z	7.57	7.45	10.27	116	wt3	f93e41f	species_repair_6f61
2026-08-10T09:16:41Z	7.57	7.45	10.27	116	wt0	e5787e1	species_repair_6f61
2026-08-10T09:16:41Z	7.57	7.45	10.27	116	wt2	973ca61	runner_exit_repair_7522
2026-08-10T09:16:56Z	7.60	7.46	10.22	116	wt1	3c8f535	species_bound_repair_5040
2026-08-10T09:16:56Z	7.60	7.46	10.22	116	wt3	f93e41f	species_bound_repair_5040
2026-08-10T09:16:56Z	7.60	7.46	10.22	116	wt0	e5787e1	species_bound_audit_6ef4
2026-08-10T09:16:56Z	7.60	7.46	10.22	116	wt0	e5787e1	species_repair_6f61
2026-08-10T09:16:56Z	7.60	7.46	10.22	116	wt3	f93e41f	species_remainder_f8fa
2026-08-10T09:16:56Z	7.60	7.46	10.22	116	wt2	973ca61	runner_exit_repair_7522
2026-08-10T09:17:12Z	7.02	7.34	10.13	116	wt1	3c8f535	species_bound_repair_5040
2026-08-10T09:17:12Z	7.02	7.34	10.13	116	wt3	f93e41f	species_bound_repair_5040
2026-08-10T09:17:12Z	7.02	7.34	10.13	116	wt0	e5787e1	species_bound_audit_6ef4
2026-08-10T09:17:12Z	7.02	7.34	10.13	116	wt3	f93e41f	species_repair_6f61
2026-08-10T09:17:12Z	7.02	7.34	10.13	116	wt0	e5787e1	species_repair_6f61
2026-08-10T09:17:12Z	7.02	7.34	10.13	116	wt2	973ca61	runner_exit_repair_7522
2026-08-10T09:17:27Z	9.95	8.00	10.32	116	wt1	3c8f535	species_bound_repair_5040
2026-08-10T09:17:27Z	9.95	8.00	10.32	116	wt3	f93e41f	species_bound_repair_5040
2026-08-10T09:17:27Z	9.95	8.00	10.32	116	wt0	e5787e1	species_bound_audit_6ef4
2026-08-10T09:17:27Z	9.95	8.00	10.32	116	wt3	f93e41f	species_repair_6f61
2026-08-10T09:17:27Z	9.95	8.00	10.32	116	wt0	e5787e1	species_repair_6f61
2026-08-10T09:17:27Z	9.95	8.00	10.32	116	wt2	973ca61	runner_exit_repair_7522
2026-08-10T09:17:43Z	9.58	8.02	10.28	116	wt1	3c8f535	species_bound_repair_5040
2026-08-10T09:17:43Z	9.58	8.02	10.28	116	wt3	f93e41f	species_bound_repair_5040
2026-08-10T09:17:43Z	9.58	8.02	10.28	116	wt0	e5787e1	species_bound_audit_6ef4
2026-08-10T09:17:43Z	9.58	8.02	10.28	116	wt0	e5787e1	species_repair_a4ef
2026-08-10T09:17:43Z	9.58	8.02	10.28	116	wt3	f93e41f	species_remainder_f8fa
2026-08-10T09:17:43Z	9.58	8.02	10.28	116	wt2	973ca61	runner_exit_repair_7522
2026-08-10T09:17:58Z	9.24	8.05	10.24	116	wt1	3c8f535	species_bound_repair_5040
2026-08-10T09:17:58Z	9.24	8.05	10.24	116	wt3	f93e41f	species_bound_repair_5040
2026-08-10T09:17:58Z	9.24	8.05	10.24	116	wt0	e5787e1	species_bound_audit_6ef4
2026-08-10T09:17:58Z	9.24	8.05	10.24	116	wt0	e5787e1	species_repair_6f61
2026-08-10T09:17:58Z	9.24	8.05	10.24	116	wt3	f93e41f	species_repair_6f61
2026-08-10T09:17:58Z	9.24	8.05	10.24	116	wt2	973ca61	runner_exit_repair_7522
2026-08-10T09:18:14Z	8.89	8.03	10.19	116	wt1	3c8f535	species_bound_repair_5040
2026-08-10T09:18:14Z	8.89	8.03	10.19	116	wt3	f93e41f	species_bound_repair_5040
2026-08-10T09:18:14Z	8.89	8.03	10.19	116	wt0	e5787e1	species_bound_audit_6ef4
2026-08-10T09:18:14Z	8.89	8.03	10.19	116	wt0	e5787e1	species_repair_6f61
2026-08-10T09:18:14Z	8.89	8.03	10.19	116	wt3	f93e41f	species_repair_6f61
2026-08-10T09:18:14Z	8.89	8.03	10.19	116	wt2	973ca61	runner_exit_repair_7522
2026-08-10T09:18:29Z	8.10	7.90	10.11	116	wt1	3c8f535	species_bound_repair_5040
2026-08-10T09:18:29Z	8.10	7.90	10.11	116	wt3	f93e41f	species_bound_repair_5040
2026-08-10T09:18:29Z	8.10	7.90	10.11	116	wt0	e5787e1	species_bound_audit_6ef4
2026-08-10T09:18:29Z	8.10	7.90	10.11	116	wt3	f93e41f	species_repair_6f61
2026-08-10T09:18:29Z	8.10	7.90	10.11	116	wt1	3c8f535	species_repair_a4ef
2026-08-10T09:18:29Z	8.10	7.90	10.11	116	wt0	e5787e1	species_repair_6f61
2026-08-10T09:18:29Z	8.10	7.90	10.11	116	wt2	973ca61	runner_exit_repair_7522
2026-08-10T09:18:45Z	7.49	7.77	10.02	116	wt1	3c8f535	species_bound_repair_5040
2026-08-10T09:18:45Z	7.49	7.77	10.02	116	wt3	f93e41f	species_bound_repair_5040
2026-08-10T09:18:45Z	7.49	7.77	10.02	116	wt0	e5787e1	species_bound_audit_6ef4
2026-08-10T09:18:45Z	7.49	7.77	10.02	116	wt0	e5787e1	species_repair_6f61
2026-08-10T09:18:45Z	7.49	7.77	10.02	116	wt1	3c8f535	species_repair_6f61
2026-08-10T09:18:45Z	7.49	7.77	10.02	116	wt2	973ca61	runner_exit_repair_7522
2026-08-10T09:19:00Z	7.27	7.70	9.96	116	wt1	3c8f535	species_bound_repair_5040
2026-08-10T09:19:00Z	7.27	7.70	9.96	116	wt3	f93e41f	species_bound_repair_5040
2026-08-10T09:19:00Z	7.27	7.70	9.96	116	wt0	e5787e1	species_bound_audit_6ef4
2026-08-10T09:19:00Z	7.27	7.70	9.96	116	wt1	3c8f535	species_repair_6f61
2026-08-10T09:19:00Z	7.27	7.70	9.96	116	wt2	973ca61	runner_exit_repair_7522
2026-08-10T09:19:16Z	6.97	7.61	9.89	116	wt1	3c8f535	species_bound_repair_5040
2026-08-10T09:19:16Z	6.97	7.61	9.89	116	wt3	f93e41f	species_bound_repair_5040
2026-08-10T09:19:16Z	6.97	7.61	9.89	116	wt0	e5787e1	species_bound_audit_6ef4
2026-08-10T09:19:16Z	6.97	7.61	9.89	116	wt2	973ca61	runner_exit_repair_7522
2026-08-10T09:19:31Z	6.96	7.58	9.84	116	wt3	f93e41f	species_bound_repair_5040
2026-08-10T09:19:31Z	6.96	7.58	9.84	116	wt0	e5787e1	species_bound_audit_6ef4
2026-08-10T09:19:31Z	6.96	7.58	9.84	116	wt2	973ca61	runner_exit_repair_7522
2026-08-10T09:19:31Z	6.96	7.58	9.84	116	wt1	3c8f535	species_bound_repair_5040
2026-08-10T09:19:46Z	7.12	7.59	9.80	116	wt3	f93e41f	species_bound_repair_5040
2026-08-10T09:19:46Z	7.12	7.59	9.80	116	wt0	e5787e1	species_bound_audit_6ef4
2026-08-10T09:19:46Z	7.12	7.59	9.80	116	wt2	973ca61	runner_exit_repair_7522
2026-08-10T09:19:46Z	7.12	7.59	9.80	116	wt1	3c8f535	species_bound_repair_5040
2026-08-10T09:20:02Z	7.56	7.67	9.79	118	wt3	f93e41f	species_bound_repair_5040
2026-08-10T09:20:02Z	7.56	7.67	9.79	118	wt2	973ca61	runner_exit_repair_7522
2026-08-10T09:20:02Z	7.56	7.67	9.79	118	wt1	3c8f535	species_bound_repair_5040
2026-08-10T09:20:02Z	7.56	7.67	9.79	118	wt0	26c8d5c	species_extent_audit_6cb9
2026-08-10T09:20:17Z	7.61	7.67	9.75	118	wt3	f93e41f	species_bound_repair_5040
2026-08-10T09:20:17Z	7.61	7.67	9.75	118	wt2	973ca61	runner_exit_repair_7522
2026-08-10T09:20:17Z	7.61	7.67	9.75	118	wt1	3c8f535	species_bound_repair_5040
2026-08-10T09:20:17Z	7.61	7.67	9.75	118	wt0	26c8d5c	species_extent_audit_6cb9
2026-08-10T09:20:33Z	7.64	7.67	9.71	118	wt3	f93e41f	species_bound_repair_5040
2026-08-10T09:20:33Z	7.64	7.67	9.71	118	wt2	973ca61	runner_exit_repair_7522
2026-08-10T09:20:33Z	7.64	7.67	9.71	118	wt1	3c8f535	species_bound_repair_5040
2026-08-10T09:20:33Z	7.64	7.67	9.71	118	wt0	26c8d5c	species_extent_audit_6cb9
2026-08-10T09:20:48Z	8.02	7.78	9.71	118	wt3	f93e41f	species_bound_repair_5040
2026-08-10T09:20:48Z	8.02	7.78	9.71	118	wt2	973ca61	runner_exit_repair_7522
2026-08-10T09:20:48Z	8.02	7.78	9.71	118	wt1	3c8f535	species_bound_repair_5040
2026-08-10T09:20:48Z	8.02	7.78	9.71	118	wt0	26c8d5c	species_extent_audit_6cb9
2026-08-10T09:21:03Z	8.23	7.84	9.69	118	wt3	f93e41f	species_bound_repair_5040
2026-08-10T09:21:03Z	8.23	7.84	9.69	118	wt2	973ca61	runner_exit_repair_7522
2026-08-10T09:21:03Z	8.23	7.84	9.69	118	wt1	3c8f535	species_bound_repair_5040
2026-08-10T09:21:03Z	8.23	7.84	9.69	118	wt0	26c8d5c	species_extent_audit_6cb9
2026-08-10T09:21:03Z	8.23	7.84	9.69	118	wt1	3c8f535	species_repair_6f61
2026-08-10T09:21:19Z	7.97	7.80	9.65	118	wt3	f93e41f	species_bound_repair_5040
2026-08-10T09:21:19Z	7.97	7.80	9.65	118	wt2	973ca61	runner_exit_repair_7522
2026-08-10T09:21:19Z	7.97	7.80	9.65	118	wt1	3c8f535	species_bound_repair_5040
2026-08-10T09:21:19Z	7.97	7.80	9.65	118	wt0	26c8d5c	species_extent_audit_6cb9
2026-08-10T09:21:19Z	7.97	7.80	9.65	118	wt1	3c8f535	species_repair_6f61
2026-08-10T09:21:34Z	8.36	7.89	9.65	118	wt3	f93e41f	species_bound_repair_5040
2026-08-10T09:21:34Z	8.36	7.89	9.65	118	wt2	973ca61	runner_exit_repair_7522
2026-08-10T09:21:34Z	8.36	7.89	9.65	118	wt1	3c8f535	species_bound_repair_5040
2026-08-10T09:21:34Z	8.36	7.89	9.65	118	wt0	26c8d5c	species_extent_audit_6cb9
2026-08-10T09:21:34Z	8.36	7.89	9.65	118	wt1	3c8f535	species_repair_6f61
2026-08-10T09:21:50Z	8.83	8.04	9.67	118	wt3	f93e41f	species_bound_repair_5040
2026-08-10T09:21:50Z	8.83	8.04	9.67	118	wt2	973ca61	runner_exit_repair_7522
2026-08-10T09:21:50Z	8.83	8.04	9.67	118	wt1	3c8f535	species_bound_repair_5040
2026-08-10T09:21:50Z	8.83	8.04	9.67	118	wt0	26c8d5c	species_extent_audit_6cb9
2026-08-10T09:21:50Z	8.83	8.04	9.67	118	wt1	3c8f535	species_repair_6f61
2026-08-10T09:22:06Z	8.64	8.03	9.64	118	wt3	f93e41f	species_bound_repair_5040
2026-08-10T09:22:06Z	8.64	8.03	9.64	118	wt2	973ca61	runner_exit_repair_7522
2026-08-10T09:22:06Z	8.64	8.03	9.64	118	wt1	3c8f535	species_bound_repair_5040
2026-08-10T09:22:06Z	8.64	8.03	9.64	118	wt0	26c8d5c	species_extent_audit_6cb9
2026-08-10T09:22:06Z	8.64	8.03	9.64	118	wt1	3c8f535	species_repair_a4ef
2026-08-10T09:22:06Z	8.64	8.03	9.64	118	wt3	f93e41f	species_repair_a4ef
2026-08-10T09:22:21Z	8.05	7.93	9.58	118	wt3	f93e41f	species_bound_repair_5040
2026-08-10T09:22:21Z	8.05	7.93	9.58	118	wt2	973ca61	runner_exit_repair_7522
2026-08-10T09:22:21Z	8.05	7.93	9.58	118	wt1	3c8f535	species_bound_repair_5040
2026-08-10T09:22:21Z	8.05	7.93	9.58	118	wt3	f93e41f	species_repair_6f61
2026-08-10T09:22:21Z	8.05	7.93	9.58	118	wt0	26c8d5c	species_extent_audit_6cb9
2026-08-10T09:22:21Z	8.05	7.93	9.58	118	wt1	3c8f535	species_remainder_f8fa
2026-08-10T09:22:36Z	8.16	7.95	9.55	118	wt3	f93e41f	species_bound_repair_5040
2026-08-10T09:22:36Z	8.16	7.95	9.55	118	wt2	973ca61	runner_exit_repair_7522
2026-08-10T09:22:36Z	8.16	7.95	9.55	118	wt1	3c8f535	species_bound_repair_5040
2026-08-10T09:22:36Z	8.16	7.95	9.55	118	wt3	f93e41f	species_repair_6f61
2026-08-10T09:22:36Z	8.16	7.95	9.55	118	wt0	26c8d5c	species_extent_audit_6cb9
2026-08-10T09:22:36Z	8.16	7.95	9.55	118	wt1	3c8f535	species_repair_6f61
2026-08-10T09:22:52Z	8.42	8.02	9.55	118	wt3	f93e41f	species_bound_repair_5040
2026-08-10T09:22:52Z	8.42	8.02	9.55	118	wt2	973ca61	runner_exit_repair_7522
2026-08-10T09:22:52Z	8.42	8.02	9.55	118	wt1	3c8f535	species_bound_repair_5040
2026-08-10T09:22:52Z	8.42	8.02	9.55	118	wt0	26c8d5c	species_extent_audit_6cb9
2026-08-10T09:22:52Z	8.42	8.02	9.55	118	wt1	3c8f535	species_repair_6f61
2026-08-10T09:23:07Z	8.57	8.07	9.54	118	wt2	973ca61	runner_exit_repair_7522
2026-08-10T09:23:07Z	8.57	8.07	9.54	118	wt1	3c8f535	species_bound_repair_5040
2026-08-10T09:23:07Z	8.57	8.07	9.54	118	wt0	26c8d5c	species_extent_audit_6cb9
2026-08-10T09:23:07Z	8.57	8.07	9.54	118	wt1	3c8f535	species_repair_6f61
2026-08-10T09:23:07Z	8.57	8.07	9.54	118	wt3	f93e41f	species_bound_repair_5040
2026-08-10T09:23:23Z	9.00	8.19	9.56	118	wt2	973ca61	runner_exit_repair_7522
2026-08-10T09:23:23Z	9.00	8.19	9.56	118	wt1	3c8f535	species_bound_repair_5040
2026-08-10T09:23:23Z	9.00	8.19	9.56	118	wt0	26c8d5c	species_extent_audit_6cb9
2026-08-10T09:23:23Z	9.00	8.19	9.56	118	wt3	f93e41f	species_bound_repair_5040
2026-08-10T09:23:38Z	10.37	8.58	9.67	118	wt2	973ca61	runner_exit_repair_7522
2026-08-10T09:23:38Z	10.37	8.58	9.67	118	wt1	3c8f535	species_bound_repair_5040
2026-08-10T09:23:38Z	10.37	8.58	9.67	118	wt0	26c8d5c	species_extent_audit_6cb9
2026-08-10T09:23:38Z	10.37	8.58	9.67	118	wt3	f93e41f	species_bound_repair_5040
2026-08-10T09:23:54Z	9.70	8.52	9.62	118	wt2	973ca61	runner_exit_repair_7522
2026-08-10T09:23:54Z	9.70	8.52	9.62	118	wt1	3c8f535	species_bound_repair_5040
2026-08-10T09:23:54Z	9.70	8.52	9.62	118	wt0	26c8d5c	species_extent_audit_6cb9
2026-08-10T09:23:54Z	9.70	8.52	9.62	118	wt3	f93e41f	species_bound_repair_5040
2026-08-10T09:24:09Z	9.53	8.54	9.61	118	wt2	973ca61	runner_exit_repair_7522
2026-08-10T09:24:09Z	9.53	8.54	9.61	118	wt1	3c8f535	species_bound_repair_5040
2026-08-10T09:24:09Z	9.53	8.54	9.61	118	wt0	26c8d5c	species_extent_audit_6cb9
2026-08-10T09:24:09Z	9.53	8.54	9.61	118	wt3	f93e41f	species_bound_repair_5040
2026-08-10T09:24:25Z	8.75	8.42	9.55	118	wt3	f93e41f	species_repair_a4ef
2026-08-10T09:24:25Z	8.75	8.42	9.55	118	wt2	973ca61	runner_exit_repair_7522
2026-08-10T09:24:25Z	8.75	8.42	9.55	118	wt1	3c8f535	species_bound_repair_5040
2026-08-10T09:24:25Z	8.75	8.42	9.55	118	wt0	26c8d5c	species_extent_audit_6cb9
2026-08-10T09:24:25Z	8.75	8.42	9.55	118	wt3	f93e41f	species_bound_repair_5040
2026-08-10T09:24:40Z	8.61	8.40	9.52	119	wt3	f93e41f	species_repair_6f61
2026-08-10T09:24:40Z	8.61	8.40	9.52	119	wt0	4bb4384	species_extent_d633
2026-08-10T09:24:40Z	8.61	8.40	9.52	119	wt2	973ca61	runner_exit_repair_7522
2026-08-10T09:24:40Z	8.61	8.40	9.52	119	wt1	3c8f535	species_bound_repair_5040
2026-08-10T09:24:40Z	8.61	8.40	9.52	119	wt3	f93e41f	species_bound_repair_5040
2026-08-10T09:24:55Z	8.18	8.31	9.47	119	wt3	f93e41f	species_repair_6f61
2026-08-10T09:24:55Z	8.18	8.31	9.47	119	wt0	4bb4384	species_extent_d633
2026-08-10T09:24:55Z	8.18	8.31	9.47	119	wt2	973ca61	runner_exit_repair_7522
2026-08-10T09:24:55Z	8.18	8.31	9.47	119	wt1	3c8f535	species_bound_repair_5040
2026-08-10T09:24:55Z	8.18	8.31	9.47	119	wt3	f93e41f	species_bound_repair_5040
2026-08-10T09:25:11Z	11.78	9.10	9.73	119	wt0	4bb4384	species_extent_d633
2026-08-10T09:25:11Z	11.78	9.10	9.73	119	wt3	f93e41f	species_repair_6f61
2026-08-10T09:25:11Z	11.78	9.10	9.73	119	wt2	973ca61	runner_exit_repair_7522
2026-08-10T09:25:11Z	11.78	9.10	9.73	119	wt1	3c8f535	species_bound_repair_5040
2026-08-10T09:25:11Z	11.78	9.10	9.73	119	wt3	f93e41f	species_bound_repair_5040
2026-08-10T09:25:26Z	11.87	9.25	9.77	119	wt3	f93e41f	species_repair_6f61
2026-08-10T09:25:26Z	11.87	9.25	9.77	119	wt0	4bb4384	species_extent_d633
2026-08-10T09:25:26Z	11.87	9.25	9.77	119	wt2	973ca61	runner_exit_repair_7522
2026-08-10T09:25:26Z	11.87	9.25	9.77	119	wt1	3c8f535	species_bound_repair_5040
2026-08-10T09:25:26Z	11.87	9.25	9.77	119	wt3	f93e41f	species_bound_repair_5040
2026-08-10T09:25:42Z	12.76	9.58	9.88	119	wt0	4bb4384	species_extent_d633
2026-08-10T09:25:42Z	12.76	9.58	9.88	119	wt3	f93e41f	species_repair_a4ef
2026-08-10T09:25:42Z	12.76	9.58	9.88	119	wt2	973ca61	runner_exit_repair_7522
2026-08-10T09:25:42Z	12.76	9.58	9.88	119	wt1	3c8f535	species_bound_repair_5040
2026-08-10T09:25:42Z	12.76	9.58	9.88	119	wt3	f93e41f	species_bound_repair_5040
2026-08-10T09:25:58Z	12.21	9.62	9.89	119	wt0	4bb4384	species_extent_d633
2026-08-10T09:25:58Z	12.21	9.62	9.89	119	wt3	f93e41f	species_remainder_f8fa
2026-08-10T09:25:58Z	12.21	9.62	9.89	119	wt2	973ca61	runner_exit_repair_7522
2026-08-10T09:25:58Z	12.21	9.62	9.89	119	wt1	3c8f535	species_bound_repair_5040
2026-08-10T09:25:58Z	12.21	9.62	9.89	119	wt3	f93e41f	species_bound_repair_5040
2026-08-10T09:26:14Z	13.58	10.08	10.05	120	wt3	f93e41f	species_repair_6f61
2026-08-10T09:26:14Z	13.58	10.08	10.05	120	wt0	7209911	species_extent_d633
2026-08-10T09:26:14Z	13.58	10.08	10.05	120	wt2	973ca61	runner_exit_repair_7522
2026-08-10T09:26:14Z	13.58	10.08	10.05	120	wt1	3c8f535	species_bound_repair_5040
2026-08-10T09:26:14Z	13.58	10.08	10.05	120	wt3	f93e41f	species_bound_repair_5040
2026-08-10T09:26:29Z	12.72	10.06	10.04	121	wt3	f93e41f	species_repair_6f61
2026-08-10T09:26:29Z	12.72	10.06	10.04	121	wt0	e8fbd4f	species_extent_d633
2026-08-10T09:26:29Z	12.72	10.06	10.04	121	wt2	973ca61	runner_exit_repair_7522
2026-08-10T09:26:29Z	12.72	10.06	10.04	121	wt1	3c8f535	species_bound_repair_5040
2026-08-10T09:26:29Z	12.72	10.06	10.04	121	wt3	f93e41f	species_bound_repair_5040
2026-08-10T09:26:45Z	12.29	10.09	10.05	121	wt0	e8fbd4f	species_extent_d633
2026-08-10T09:26:45Z	12.29	10.09	10.05	121	wt3	f93e41f	species_repair_6f61
2026-08-10T09:26:45Z	12.29	10.09	10.05	121	wt1	3c8f535	species_remainder_f8fa
2026-08-10T09:26:45Z	12.29	10.09	10.05	121	wt2	973ca61	runner_exit_repair_7522
2026-08-10T09:26:45Z	12.29	10.09	10.05	121	wt1	3c8f535	species_bound_repair_5040
2026-08-10T09:26:45Z	12.29	10.09	10.05	121	wt3	f93e41f	species_bound_repair_5040
2026-08-10T09:27:00Z	13.23	10.40	10.16	121	wt0	e8fbd4f	species_extent_d633
2026-08-10T09:27:00Z	13.23	10.40	10.16	121	wt1	3c8f535	species_repair_6f61
2026-08-10T09:27:00Z	13.23	10.40	10.16	121	wt2	973ca61	runner_exit_repair_7522
2026-08-10T09:27:00Z	13.23	10.40	10.16	121	wt1	3c8f535	species_bound_repair_5040
2026-08-10T09:27:00Z	13.23	10.40	10.16	121	wt3	f93e41f	species_bound_repair_5040
2026-08-10T09:27:16Z	11.91	10.25	10.11	121	wt0	e8fbd4f	species_extent_d633
2026-08-10T09:27:16Z	11.91	10.25	10.11	121	wt1	3c8f535	species_repair_6f61
2026-08-10T09:27:16Z	11.91	10.25	10.11	121	wt2	973ca61	runner_exit_repair_7522
2026-08-10T09:27:16Z	11.91	10.25	10.11	121	wt1	3c8f535	species_bound_repair_5040
2026-08-10T09:27:16Z	11.91	10.25	10.11	121	wt3	f93e41f	species_bound_repair_5040
2026-08-10T09:27:32Z	11.42	10.22	10.10	123	wt0	cfa917e	species_gate_audit_d53d
2026-08-10T09:27:32Z	11.42	10.22	10.10	123	wt2	973ca61	runner_exit_repair_7522
2026-08-10T09:27:32Z	11.42	10.22	10.10	123	wt1	3c8f535	species_bound_repair_5040
2026-08-10T09:27:32Z	11.42	10.22	10.10	123	wt3	f93e41f	species_bound_repair_5040
2026-08-10T09:27:47Z	10.80	10.14	10.08	125	wt0	a13b4a9	species_remainder_f8fa
2026-08-10T09:27:47Z	10.80	10.14	10.08	125	wt2	973ca61	runner_exit_repair_7522
2026-08-10T09:27:47Z	10.80	10.14	10.08	125	wt1	3c8f535	species_bound_repair_5040
2026-08-10T09:27:47Z	10.80	10.14	10.08	125	wt3	f93e41f	species_bound_repair_5040
2026-08-10T09:28:03Z	9.98	9.99	10.02	128	wt0	83ac472	species_repair_6f61
2026-08-10T09:28:03Z	9.98	9.99	10.02	128	wt1	af432ee	species_repair_6f61
2026-08-10T09:28:03Z	9.98	9.99	10.02	128	wt2	973ca61	runner_exit_repair_7522
2026-08-10T09:28:03Z	9.98	9.99	10.02	128	wt3	f93e41f	species_bound_repair_5040
2026-08-10T09:28:18Z	9.99	9.99	10.02	129	wt1	af432ee	species_repair_6f61
2026-08-10T09:28:18Z	9.99	9.99	10.02	129	wt0	106e121	species_repair_a4ef
2026-08-10T09:28:18Z	9.99	9.99	10.02	129	wt2	973ca61	runner_exit_repair_7522
2026-08-10T09:28:18Z	9.99	9.99	10.02	129	wt3	f93e41f	species_bound_repair_5040
2026-08-10T09:28:33Z	9.04	9.77	9.94	133	wt1	1729f69	species_rung_repair_4adb
2026-08-10T09:28:33Z	9.04	9.77	9.94	133	wt0	41ac5d4	species_sites_821e
2026-08-10T09:28:33Z	9.04	9.77	9.94	133	wt2	973ca61	runner_exit_repair_7522
2026-08-10T09:28:33Z	9.04	9.77	9.94	133	wt3	f93e41f	species_bound_repair_5040
2026-08-10T09:28:49Z	8.59	9.64	9.89	133	wt1	1729f69	species_rung_repair_4adb
2026-08-10T09:28:49Z	8.59	9.64	9.89	133	wt0	41ac5d4	species_sites_821e
2026-08-10T09:28:49Z	8.59	9.64	9.89	133	wt2	973ca61	runner_exit_repair_7522
2026-08-10T09:28:49Z	8.59	9.64	9.89	133	wt3	f93e41f	species_bound_repair_5040
2026-08-10T09:29:04Z	8.27	9.52	9.85	133	wt1	1729f69	species_rung_repair_4adb
2026-08-10T09:29:04Z	8.27	9.52	9.85	133	wt0	41ac5d4	species_sites_821e
2026-08-10T09:29:04Z	8.27	9.52	9.85	133	wt2	973ca61	runner_exit_repair_7522
2026-08-10T09:29:04Z	8.27	9.52	9.85	133	wt3	f93e41f	species_bound_repair_5040
2026-08-10T09:29:19Z	7.79	9.35	9.78	133	wt1	1729f69	species_rung_repair_4adb
2026-08-10T09:29:19Z	7.79	9.35	9.78	133	wt0	41ac5d4	species_sites_821e
2026-08-10T09:29:19Z	7.79	9.35	9.78	133	wt0	41ac5d4	species_repair_6f61
2026-08-10T09:29:19Z	7.79	9.35	9.78	133	wt2	973ca61	runner_exit_repair_7522
2026-08-10T09:29:19Z	7.79	9.35	9.78	133	wt3	f93e41f	species_bound_repair_5040
2026-08-10T09:29:35Z	8.30	9.38	9.78	133	wt1	1729f69	species_rung_repair_4adb
2026-08-10T09:29:35Z	8.30	9.38	9.78	133	wt0	41ac5d4	species_sites_821e
2026-08-10T09:29:35Z	8.30	9.38	9.78	133	wt0	41ac5d4	species_repair_6f61
2026-08-10T09:29:35Z	8.30	9.38	9.78	133	wt2	973ca61	runner_exit_repair_7522
2026-08-10T09:29:35Z	8.30	9.38	9.78	133	wt3	f93e41f	species_bound_repair_5040
2026-08-10T09:29:51Z	8.38	9.35	9.76	133	wt1	1729f69	species_rung_repair_4adb
2026-08-10T09:29:51Z	8.38	9.35	9.76	133	wt0	41ac5d4	species_sites_821e
2026-08-10T09:29:51Z	8.38	9.35	9.76	133	wt0	41ac5d4	species_repair_6f61
2026-08-10T09:29:51Z	8.38	9.35	9.76	133	wt2	973ca61	runner_exit_repair_7522
2026-08-10T09:29:51Z	8.38	9.35	9.76	133	wt3	f93e41f	species_bound_repair_5040
2026-08-10T09:30:06Z	8.39	9.30	9.73	133	wt1	1729f69	species_rung_repair_4adb
2026-08-10T09:30:06Z	8.39	9.30	9.73	133	wt0	41ac5d4	species_sites_821e
2026-08-10T09:30:06Z	8.39	9.30	9.73	133	wt0	41ac5d4	species_repair_6f61
2026-08-10T09:30:06Z	8.39	9.30	9.73	133	wt2	973ca61	runner_exit_repair_7522
2026-08-10T09:30:06Z	8.39	9.30	9.73	133	wt3	f93e41f	species_bound_repair_5040
2026-08-10T09:30:22Z	7.71	9.10	9.66	133	wt1	1729f69	species_rung_repair_4adb
2026-08-10T09:30:22Z	7.71	9.10	9.66	133	wt0	41ac5d4	species_sites_821e
2026-08-10T09:30:22Z	7.71	9.10	9.66	133	wt3	f93e41f	species_repair_a4ef
2026-08-10T09:30:22Z	7.71	9.10	9.66	133	wt0	41ac5d4	species_remainder_f8fa
2026-08-10T09:30:22Z	7.71	9.10	9.66	133	wt2	973ca61	runner_exit_repair_7522
2026-08-10T09:30:22Z	7.71	9.10	9.66	133	wt3	f93e41f	species_bound_repair_5040
2026-08-10T09:30:37Z	7.48	8.98	9.60	133	wt1	1729f69	species_rung_repair_4adb
2026-08-10T09:30:37Z	7.48	8.98	9.60	133	wt0	41ac5d4	species_sites_821e
2026-08-10T09:30:37Z	7.48	8.98	9.60	133	wt3	f93e41f	species_repair_6f61
2026-08-10T09:30:37Z	7.48	8.98	9.60	133	wt0	41ac5d4	species_repair_6f61
2026-08-10T09:30:37Z	7.48	8.98	9.60	133	wt2	973ca61	runner_exit_repair_7522
2026-08-10T09:30:37Z	7.48	8.98	9.60	133	wt3	f93e41f	species_bound_repair_5040
2026-08-10T09:30:53Z	7.40	8.89	9.56	133	wt1	1729f69	species_rung_repair_4adb
2026-08-10T09:30:53Z	7.40	8.89	9.56	133	wt0	41ac5d4	species_sites_821e
2026-08-10T09:30:53Z	7.40	8.89	9.56	133	wt3	f93e41f	species_repair_6f61
2026-08-10T09:30:53Z	7.40	8.89	9.56	133	wt0	41ac5d4	species_repair_6f61
2026-08-10T09:30:53Z	7.40	8.89	9.56	133	wt2	973ca61	runner_exit_repair_7522
2026-08-10T09:30:53Z	7.40	8.89	9.56	133	wt3	f93e41f	species_bound_repair_5040
2026-08-10T09:31:08Z	8.00	8.94	9.57	133	wt1	1729f69	species_rung_repair_4adb
2026-08-10T09:31:08Z	8.00	8.94	9.57	133	wt0	41ac5d4	species_sites_821e
2026-08-10T09:31:08Z	8.00	8.94	9.57	133	wt0	41ac5d4	species_repair_6f61
2026-08-10T09:31:08Z	8.00	8.94	9.57	133	wt2	973ca61	runner_exit_repair_7522
2026-08-10T09:31:08Z	8.00	8.94	9.57	133	wt3	f93e41f	species_bound_repair_5040
2026-08-10T09:31:24Z	7.72	8.81	9.50	134	wt1	1729f69	species_rung_repair_4adb
2026-08-10T09:31:24Z	7.72	8.81	9.50	134	wt0	41ac5d4	species_sites_821e
2026-08-10T09:31:24Z	7.72	8.81	9.50	134	wt0	41ac5d4	species_repair_6f61
2026-08-10T09:31:24Z	7.72	8.81	9.50	134	wt3	af432ee	species_sites_821e
2026-08-10T09:31:24Z	7.72	8.81	9.50	134	wt2	973ca61	runner_exit_repair_7522
2026-08-10T09:31:39Z	8.45	8.92	9.53	134	wt1	1729f69	species_rung_repair_4adb
2026-08-10T09:31:39Z	8.45	8.92	9.53	134	wt0	41ac5d4	species_sites_821e
2026-08-10T09:31:39Z	8.45	8.92	9.53	134	wt3	af432ee	species_sites_821e
2026-08-10T09:31:39Z	8.45	8.92	9.53	134	wt2	973ca61	runner_exit_repair_7522
2026-08-10T09:31:55Z	9.10	9.04	9.56	136	wt1	1729f69	species_rung_repair_4adb
2026-08-10T09:31:55Z	9.10	9.04	9.56	136	wt3	af432ee	species_sites_821e
2026-08-10T09:31:55Z	9.10	9.04	9.56	136	wt2	973ca61	runner_exit_repair_7522
2026-08-10T09:32:10Z	8.75	8.97	9.53	136	wt1	1729f69	species_rung_repair_4adb
2026-08-10T09:32:10Z	8.75	8.97	9.53	136	wt3	af432ee	species_sites_821e
2026-08-10T09:32:10Z	8.75	8.97	9.53	136	wt2	973ca61	runner_exit_repair_7522
2026-08-10T09:32:10Z	8.75	8.97	9.53	136	wt3	af432ee	species_repair_6f61
2026-08-10T09:32:25Z	8.24	8.84	9.47	136	wt1	1729f69	species_rung_repair_4adb
2026-08-10T09:32:25Z	8.24	8.84	9.47	136	wt3	af432ee	species_sites_821e
2026-08-10T09:32:25Z	8.24	8.84	9.47	136	wt2	973ca61	runner_exit_repair_7522
2026-08-10T09:32:25Z	8.24	8.84	9.47	136	wt3	af432ee	species_repair_6f61
2026-08-10T09:32:41Z	7.95	8.75	9.43	137	wt1	1729f69	species_rung_repair_4adb
2026-08-10T09:32:41Z	7.95	8.75	9.43	137	wt3	af432ee	species_sites_821e
2026-08-10T09:32:41Z	7.95	8.75	9.43	137	wt3	af432ee	species_repair_6f61
2026-08-10T09:32:56Z	7.60	8.63	9.37	139	wt1	1729f69	species_rung_repair_4adb
2026-08-10T09:32:56Z	7.60	8.63	9.37	139	wt3	af432ee	species_sites_821e
2026-08-10T09:32:56Z	7.60	8.63	9.37	139	wt3	af432ee	species_repair_6f61
2026-08-10T09:33:12Z	7.78	8.62	9.35	139	wt1	1729f69	species_rung_repair_4adb
2026-08-10T09:33:12Z	7.78	8.62	9.35	139	wt3	af432ee	species_sites_821e
2026-08-10T09:33:12Z	7.78	8.62	9.35	139	wt3	af432ee	species_remainder_f8fa
2026-08-10T09:33:27Z	8.35	8.70	9.37	140	wt1	1729f69	species_rung_repair_4adb
2026-08-10T09:33:27Z	8.35	8.70	9.37	140	wt3	af432ee	species_sites_821e
2026-08-10T09:33:27Z	8.35	8.70	9.37	140	wt3	af432ee	species_repair_6f61
2026-08-10T09:33:43Z	14.20	9.93	9.79	140	wt1	1729f69	species_rung_repair_4adb
2026-08-10T09:33:43Z	14.20	9.93	9.79	140	wt3	af432ee	species_sites_821e
2026-08-10T09:33:43Z	14.20	9.93	9.79	140	wt3	af432ee	species_repair_6f61
2026-08-10T09:33:58Z	44.46	17.07	12.36	141	wt1	1729f69	species_rung_repair_4adb
2026-08-10T09:33:58Z	44.46	17.07	12.36	141	wt3	af432ee	species_sites_821e
2026-08-10T09:33:58Z	44.46	17.07	12.36	141	wt3	af432ee	species_repair_6f61
2026-08-10T09:34:14Z	50.68	19.81	13.41	141	wt1	1729f69	species_rung_repair_4adb
2026-08-10T09:34:14Z	50.68	19.81	13.41	141	wt3	af432ee	species_sites_821e
2026-08-10T09:34:14Z	50.68	19.81	13.41	141	wt3	af432ee	species_repair_6f61
2026-08-10T09:34:30Z	43.17	19.67	13.48	142	wt1	1729f69	species_rung_repair_4adb
2026-08-10T09:34:30Z	43.17	19.67	13.48	142	wt3	af432ee	species_sites_821e
2026-08-10T09:34:30Z	43.17	19.67	13.48	142	wt3	af432ee	species_repair_6f61
2026-08-10T09:34:46Z	35.94	19.21	13.42	144	wt3	af432ee	species_remainder_f8fa
2026-08-10T09:34:46Z	35.94	19.21	13.42	144	wt1	1729f69	species_rung_repair_4adb
2026-08-10T09:34:46Z	35.94	19.21	13.42	144	wt3	af432ee	species_sites_821e
2026-08-10T09:35:01Z	30.77	18.88	13.40	145	wt3	af432ee	species_repair_a4ef
2026-08-10T09:35:01Z	30.77	18.88	13.40	145	wt1	1729f69	species_rung_repair_4adb
2026-08-10T09:35:01Z	30.77	18.88	13.40	145	wt3	af432ee	species_sites_821e
2026-08-10T09:35:17Z	26.81	18.59	13.39	145	wt3	af432ee	species_sites_821e
2026-08-10T09:35:17Z	26.81	18.59	13.39	145	wt1	1729f69	species_rung_repair_4adb
2026-08-10T09:35:32Z	22.79	18.10	13.31	145	wt3	af432ee	species_sites_821e
2026-08-10T09:35:32Z	22.79	18.10	13.31	145	wt1	1729f69	species_rung_repair_4adb
2026-08-10T09:35:47Z	19.30	17.56	13.20	146	wt3	af432ee	species_sites_821e
2026-08-10T09:35:47Z	19.30	17.56	13.20	146	wt1	1729f69	species_rung_repair_4adb
2026-08-10T09:36:03Z	16.94	17.12	13.12	149	wt3	af432ee	species_sites_821e
2026-08-10T09:36:03Z	16.94	17.12	13.12	149	wt3	af432ee	species_repair_6f61
2026-08-10T09:36:03Z	16.94	17.12	13.12	149	wt1	1729f69	species_rung_repair_4adb
2026-08-10T09:36:18Z	15.50	16.79	13.07	155	wt3	af432ee	species_sites_821e
2026-08-10T09:36:18Z	15.50	16.79	13.07	155	wt3	af432ee	species_repair_6f61
2026-08-10T09:36:18Z	15.50	16.79	13.07	155	wt1	1729f69	species_rung_repair_4adb
2026-08-10T09:36:33Z	14.14	16.42	13.00	155	wt3	af432ee	species_sites_821e
2026-08-10T09:36:33Z	14.14	16.42	13.00	155	wt3	af432ee	species_repair_6f61
2026-08-10T09:36:33Z	14.14	16.42	13.00	155	wt1	1729f69	species_rung_repair_4adb
2026-08-10T09:36:49Z	13.53	16.15	12.99	155	wt3	af432ee	species_sites_821e
2026-08-10T09:36:49Z	13.53	16.15	12.99	155	wt3	af432ee	species_repair_6f61
2026-08-10T09:36:49Z	13.53	16.15	12.99	155	wt1	1729f69	species_rung_repair_4adb
2026-08-10T09:37:04Z	12.44	15.78	12.91	155	wt3	af432ee	species_sites_821e
2026-08-10T09:37:04Z	12.44	15.78	12.91	155	wt1	1729f69	species_rung_repair_4adb
2026-08-10T09:37:04Z	12.44	15.78	12.91	155	wt3	af432ee	species_repair_a4ef
2026-08-10T09:37:20Z	11.66	15.45	12.84	160	wt3	af432ee	species_sites_821e
2026-08-10T09:37:20Z	11.66	15.45	12.84	160	wt1	1729f69	species_rung_repair_4adb
2026-08-10T09:37:20Z	11.66	15.45	12.84	160	wt3	af432ee	species_repair_6f61
2026-08-10T09:37:20Z	11.66	15.45	12.84	160	wt2	0e25835	unified_gate_audit_446b
2026-08-10T09:37:20Z	11.66	15.45	12.84	160	wt0	d073b5d	verdict_path_repair_1d26
2026-08-10T09:37:35Z	11.08	15.13	12.77	160	wt3	af432ee	species_sites_821e
2026-08-10T09:37:35Z	11.08	15.13	12.77	160	wt1	1729f69	species_rung_repair_4adb
2026-08-10T09:37:35Z	11.08	15.13	12.77	160	wt3	af432ee	species_repair_6f61
2026-08-10T09:37:35Z	11.08	15.13	12.77	160	wt2	0e25835	unified_gate_audit_446b
2026-08-10T09:37:35Z	11.08	15.13	12.77	160	wt0	d073b5d	verdict_path_repair_1d26
2026-08-10T09:37:51Z	10.38	14.78	12.69	160	wt3	af432ee	species_sites_821e
2026-08-10T09:37:51Z	10.38	14.78	12.69	160	wt1	1729f69	species_rung_repair_4adb
2026-08-10T09:37:51Z	10.38	14.78	12.69	160	wt2	0e25835	unified_gate_audit_446b
2026-08-10T09:37:51Z	10.38	14.78	12.69	160	wt0	d073b5d	verdict_path_repair_1d26
2026-08-10T09:37:51Z	10.38	14.78	12.69	160	wt3	af432ee	species_repair_6f61
2026-08-10T09:38:07Z	9.56	14.38	12.58	160	wt3	af432ee	species_sites_821e
2026-08-10T09:38:07Z	9.56	14.38	12.58	160	wt1	1729f69	species_rung_repair_4adb
2026-08-10T09:38:07Z	9.56	14.38	12.58	160	wt2	0e25835	unified_gate_audit_446b
2026-08-10T09:38:07Z	9.56	14.38	12.58	160	wt0	d073b5d	verdict_path_repair_1d26
2026-08-10T09:38:07Z	9.56	14.38	12.58	160	wt3	af432ee	species_repair_6f61
2026-08-10T09:38:22Z	14.72	15.28	12.93	160	wt3	af432ee	species_sites_821e
2026-08-10T09:38:22Z	14.72	15.28	12.93	160	wt1	1729f69	species_rung_repair_4adb
2026-08-10T09:38:22Z	14.72	15.28	12.93	160	wt2	0e25835	unified_gate_audit_446b
2026-08-10T09:38:22Z	14.72	15.28	12.93	160	wt0	d073b5d	verdict_path_repair_1d26
2026-08-10T09:38:22Z	14.72	15.28	12.93	160	wt3	af432ee	species_repair_a4ef
2026-08-10T09:38:38Z	22.60	17.01	13.59	161	wt1	1729f69	species_rung_repair_4adb
2026-08-10T09:38:38Z	22.60	17.01	13.59	161	wt2	0e25835	unified_gate_audit_446b
2026-08-10T09:38:38Z	22.60	17.01	13.59	161	wt0	d073b5d	verdict_path_repair_1d26
2026-08-10T09:38:54Z	24.47	17.73	13.93	161	wt1	1729f69	species_rung_repair_4adb
2026-08-10T09:38:54Z	24.47	17.73	13.93	161	wt2	0e25835	unified_gate_audit_446b
2026-08-10T09:38:54Z	24.47	17.73	13.93	161	wt0	d073b5d	verdict_path_repair_1d26
2026-08-10T09:39:09Z	43.67	22.33	15.63	161	wt1	1729f69	species_rung_repair_4adb
2026-08-10T09:39:09Z	43.67	22.33	15.63	161	wt2	0e25835	unified_gate_audit_446b
2026-08-10T09:39:09Z	43.67	22.33	15.63	161	wt0	d073b5d	verdict_path_repair_1d26
2026-08-10T09:39:25Z	38.49	22.23	15.71	161	wt1	1729f69	species_rung_repair_4adb
2026-08-10T09:39:25Z	38.49	22.23	15.71	161	wt2	0e25835	unified_gate_audit_446b
2026-08-10T09:39:25Z	38.49	22.23	15.71	161	wt0	d073b5d	verdict_path_repair_1d26
2026-08-10T09:39:41Z	35.37	22.33	15.86	161	wt1	1729f69	species_rung_repair_4adb
2026-08-10T09:39:41Z	35.37	22.33	15.86	161	wt2	0e25835	unified_gate_audit_446b
2026-08-10T09:39:41Z	35.37	22.33	15.86	161	wt0	d073b5d	verdict_path_repair_1d26
2026-08-10T09:39:57Z	40.22	23.99	16.57	161	wt1	1729f69	species_rung_repair_4adb
2026-08-10T09:39:57Z	40.22	23.99	16.57	161	wt0	d073b5d	verdict_path_repair_1d26
2026-08-10T09:39:57Z	40.22	23.99	16.57	161	wt2	0e25835	unified_gate_audit_446b
2026-08-10T09:40:13Z	82.85	34.26	20.36	161	wt1	1729f69	species_rung_repair_4adb
2026-08-10T09:40:13Z	82.85	34.26	20.36	161	wt0	d073b5d	verdict_path_repair_1d26
2026-08-10T09:40:13Z	82.85	34.26	20.36	161	wt2	0e25835	unified_gate_audit_446b
2026-08-10T09:40:28Z	74.05	34.67	20.75	161	wt1	1729f69	species_rung_repair_4adb
2026-08-10T09:40:28Z	74.05	34.67	20.75	161	wt0	d073b5d	verdict_path_repair_1d26
2026-08-10T09:40:28Z	74.05	34.67	20.75	161	wt2	0e25835	unified_gate_audit_446b
2026-08-10T09:40:45Z	91.60	41.43	23.51	161	wt1	1729f69	species_rung_repair_4adb
2026-08-10T09:40:45Z	91.60	41.43	23.51	161	wt0	d073b5d	verdict_path_repair_1d26
2026-08-10T09:40:45Z	91.60	41.43	23.51	161	wt2	0e25835	unified_gate_audit_446b
2026-08-10T09:41:00Z	89.55	43.42	24.53	161	wt1	1729f69	species_rung_repair_4adb
2026-08-10T09:41:00Z	89.55	43.42	24.53	161	wt0	d073b5d	verdict_path_repair_1d26
2026-08-10T09:41:00Z	89.55	43.42	24.53	161	wt2	0e25835	unified_gate_audit_446b
2026-08-10T09:41:16Z	99.75	47.87	26.44	161	wt1	1729f69	species_rung_repair_4adb
2026-08-10T09:41:16Z	99.75	47.87	26.44	161	wt0	d073b5d	verdict_path_repair_1d26
2026-08-10T09:41:16Z	99.75	47.87	26.44	161	wt2	0e25835	unified_gate_audit_446b
2026-08-10T09:41:31Z	118.62	54.64	29.23	161	wt1	1729f69	species_rung_repair_4adb
2026-08-10T09:41:31Z	118.62	54.64	29.23	161	wt0	d073b5d	verdict_path_repair_1d26
2026-08-10T09:41:31Z	118.62	54.64	29.23	161	wt2	0e25835	unified_gate_audit_446b
2026-08-10T09:41:47Z	107.43	55.46	29.98	161	wt1	1729f69	species_rung_repair_4adb
2026-08-10T09:41:47Z	107.43	55.46	29.98	161	wt0	d073b5d	verdict_path_repair_1d26
2026-08-10T09:41:47Z	107.43	55.46	29.98	161	wt2	0e25835	unified_gate_audit_446b
2026-08-10T09:42:02Z	86.30	53.33	29.67	161	wt1	1729f69	species_rung_repair_4adb
2026-08-10T09:42:02Z	86.30	53.33	29.67	161	wt2	0e25835	unified_gate_audit_446b
2026-08-10T09:42:02Z	86.30	53.33	29.67	161	wt0	d073b5d	verdict_path_repair_1d26
2026-08-10T09:42:18Z	69.65	51.26	29.34	161	wt1	1729f69	species_rung_repair_4adb
2026-08-10T09:42:18Z	69.65	51.26	29.34	161	wt2	0e25835	unified_gate_audit_446b
2026-08-10T09:42:18Z	69.65	51.26	29.34	161	wt0	d073b5d	verdict_path_repair_1d26
2026-08-10T09:42:33Z	56.67	49.29	29.02	161	wt1	1729f69	species_rung_repair_4adb
2026-08-10T09:42:33Z	56.67	49.29	29.02	161	wt2	0e25835	unified_gate_audit_446b
2026-08-10T09:42:33Z	56.67	49.29	29.02	161	wt0	d073b5d	verdict_path_repair_1d26
2026-08-10T09:42:48Z	47.42	47.61	28.77	161	wt1	1729f69	species_rung_repair_4adb
2026-08-10T09:42:48Z	47.42	47.61	28.77	161	wt2	0e25835	unified_gate_audit_446b
2026-08-10T09:42:48Z	47.42	47.61	28.77	161	wt0	d073b5d	verdict_path_repair_1d26
2026-08-10T09:43:04Z	38.90	45.69	28.53	162	wt1	1729f69	species_rung_repair_4adb
2026-08-10T09:43:04Z	38.90	45.69	28.53	162	wt0	d073b5d	verdict_path_repair_1d26
2026-08-10T09:43:19Z	37.90	45.10	28.61	162	wt1	1729f69	species_rung_repair_4adb
2026-08-10T09:43:19Z	37.90	45.10	28.61	162	wt0	d073b5d	verdict_path_repair_1d26
2026-08-10T09:43:35Z	32.26	43.49	28.33	163	wt0	d073b5d	verdict_path_repair_1d26
2026-08-10T09:43:50Z	27.72	41.93	28.03	163	wt0	d073b5d	verdict_path_repair_1d26
2026-08-10T09:44:05Z	23.85	40.38	27.72	163	wt0	d073b5d	verdict_path_repair_1d26
2026-08-10T09:44:20Z	20.94	38.93	27.42	163	wt0	d073b5d	verdict_path_repair_1d26
2026-08-10T09:44:36Z	18.38	37.48	27.11	163	wt0	d073b5d	verdict_path_repair_1d26
2026-08-10T09:44:51Z	16.57	36.15	26.81	163	wt0	d073b5d	verdict_path_repair_1d26
2026-08-10T09:45:06Z	13.78	34.57	26.41	163	wt0	d073b5d	verdict_path_repair_1d26
sampler done
